Epoch,avg
1,19.40648980078936
2,19.20278055536825
3,18.841406113577765
4,18.57643628466882
5,18.414423474661398
6,18.216270244272255
7,18.090014882927704
8,18.04713198942224
9,17.856308796060233
10,17.800206807234673
11,17.57335354531713
12,17.400349737147526
13,17.344278405290133
14,17.015140668937608
15,17.13531695428283
16,17.04203578521908
17,17.141147202171833
18,17.05893443669571
19,16.996901718008612
20,17.045684157162583
21,17.086194987784815
22,16.956757666819634
23,16.973426067257282
24,16.938744547411098
25,17.005042968763174
26,17.034642880992003
27,17.1085783895026
28,16.961530340228418
29,17.01941299562193
30,17.02136384196631
31,16.983275198556093
32,16.889465095267028
33,16.65348082379345
34,16.654209929087234
35,16.779025137787116
36,16.757474154507943
37,16.759545198137452
38,16.79338866640507
39,16.77817035969183
40,16.706056028566337
41,16.593702322783844
42,16.772334558061882
43,16.753388042290624
44,16.559790370832534
45,16.706222410532515
46,16.815177944497172
47,16.825488351392107
48,17.044724048247698
49,17.04806993144982
50,16.968072381465902
51,16.891203729178347
52,16.884948881514514
53,16.90332495949792
54,16.89204649737137
55,16.791738176619386
56,16.838929123590535
57,16.881370149471497
58,16.860241092269398
59,16.835290185533022
60,17.032292537609635
61,17.06970349526927
62,17.173030732304664
63,17.323171764289317
64,17.387438948573855
65,17.355814250365952
66,17.466639911807615
67,17.47158674437449
68,17.461433115855368
69,17.57259930809757
70,17.53487447635861
71,17.54192465567684
72,17.48466372096928
73,17.410713199280078
74,17.298937277986163
75,17.316195808665395
76,17.240383513413477
77,17.19489106497638
78,17.378501691589616
79,17.443705089773605
80,17.45363221170725
81,17.49342796098886
82,17.611179536631077
83,17.739783054182094
84,17.75710943588662
85,17.892222567682904
86,17.866220141752
87,17.78523300189163
88,17.847866213863004
89,17.950726649010242
90,17.981580219191873
91,17.977132964931602
92,18.022339933906267
93,18.018910022438103
94,18.08472211680276
95,18.153491540525724
96,18.10386255000632
97,18.035242399442215
98,18.133621603809896
99,18.117667886107583
100,18.16275677605129
101,18.228448782324886
102,18.15732243301571
103,18.096098599398676
104,18.17232441109562
105,18.15811763632101
106,18.153253287631085
107,18.157876743225174
108,18.181708665160365
109,18.25895640381708
110,18.09815295061378
111,18.106832467269037
112,18.169277707565676
113,18.130672619205612
114,18.14803506200942
115,18.17318946265861
116,18.149082789538387
117,18.23844029674183
118,18.296440487336103
119,18.260454945281108
120,18.317486809408514
121,18.35940300701507
122,18.361042897290147
123,18.446769216578808
124,18.4719863894181
125,18.500175134467714
126,18.539212480485155
127,18.619552006828826
128,18.626435768587957
129,18.6216193336221
130,18.52715288994219
131,18.416186525839414
132,18.401446670599757
133,18.450424959780005
134,18.48756962821033
135,18.505797957278276
136,18.535279135160394
137,18.61959263104278
138,18.623946863053543
139,18.773785843527254
140,18.744917358517814
141,18.817252834675656
142,18.897120397633188
143,18.891187504532024
144,18.98142911447582
145,19.02682586767671
146,19.0113819890262
147,18.996200484507643
148,19.047472571347647
149,19.031683225573683
150,19.002460289672648
151,19.00015967782362
152,18.96653303142114
153,18.98970025647778
154,18.9310511704197
155,18.902556462320863
156,18.920338737218422
157,18.998026212178868
158,18.982183648259788
159,19.073458391277754
160,19.02172968210402
161,19.03422112590775
162,18.953308858632383
163,19.079550572646575
164,18.987830516618704
165,18.985052625165494
166,18.960500393272923
167,19.028081911093146
168,18.992924133647914
169,19.00756585155905
170,19.021081764899783
171,19.108089092016183
172,19.18473172853206
173,19.098836343794865
174,18.986357631941416
175,18.91934497243319
176,18.94918115973502
177,19.015682924728097
178,19.02594946960198
179,19.111734839372165
180,19.05855050407781
181,19.05678310496416
182,19.09745068050784
183,19.11394899854602
184,19.180753071689022
185,19.100992157501313
186,19.177374602449508
187,19.178563032654534
188,19.184379432992543
189,19.184857692950835
190,19.15242198983133
191,19.241444983017963
192,19.169100276405942
193,19.18143485453764
194,19.274854934916796
195,19.295556638128417
196,19.34447750038094
197,19.282950285332486
198,19.18034180018043
199,19.295374369573086
200,19.300607813949565
201,19.28086044379632
202,19.273915035282293
203,19.30071863427751
204,19.233627423178945
205,19.217040826624245
206,19.17793253721308
207,19.283548553736964
208,19.351726575597475
209,19.289887559705832
210,19.358771723244846
211,19.357700188554354
212,19.341734720843068
213,19.36748497583077
214,19.385086617797374
215,19.360764172941707
216,19.387260679060873
217,19.440685120321955
218,19.359817166150364
219,19.309833668153153
220,19.426063790977537
221,19.3858732761026
222,19.35377195646223
223,19.33425597465123
224,19.469118365186226
225,19.380320659573993
226,19.433674001440597
227,19.492167573166647
228,19.450561262552238
229,19.465877943332462
230,19.442499852220834
231,19.420788716125237
232,19.396999959754076
233,19.423484231491056
234,19.390140710771856
235,19.382145425676704
236,19.400082361419315
237,19.345323377044593
238,19.462360212238615
239,19.45194729050672
240,19.379320742913844
241,19.375043414115996
242,19.417399907108642
243,19.41606277081289
244,19.44193831450155
245,19.501827407438704
246,19.498433520643708
247,19.477089670291505
248,19.452541723932043
249,19.515811713933267
250,19.49514887330263
251,19.579340284136805
252,19.581672840368398
253,19.58689967101249
254,19.59464325135871
255,19.62170452175814
256,19.592176680706334
257,19.624241832157587
258,19.59098362538201
259,19.65325995996099
260,19.693405772209655
261,19.6332935484995
262,19.633465538344563
263,19.566539453585357
264,19.660846973265166
265,19.632371603565062
266,19.63672985490865
267,19.652793294042237
268,19.61154480224757
269,19.695877820327706
270,19.64413669239913
271,19.626622385220813
272,19.609104571199214
273,19.633684811609683
274,19.59421734647721
275,19.599256838412167
276,19.560565066584527
277,19.60029366634927
278,19.623745951601133
279,19.610209423671805
280,19.582896092857965
281,19.65878432640561
282,19.631113009383544
283,19.650123755369492
284,19.59575858879867
285,19.699612403708368
286,19.71117918334343
287,19.643390337967098
288,19.632342280711818
289,19.624257948627903
290,19.673057748827418
291,19.687732809399733
292,19.680581859693394
293,19.638938190969615
294,19.696052706203815
295,19.68737419309732
296,19.677506337340574
297,19.61703270403599
298,19.667538484377776
299,19.605433374498716
0,19.841364951661536
1,19.45946996275519
2,19.100884442535417
3,18.761320680365774
4,18.54550582691853
5,18.115751782763308
6,17.60139283621688
7,17.55112806489529
8,17.48163733961322
9,17.301648709717192
10,17.239890745385544
11,17.154830699972596
12,17.228833517893328
13,17.203389870590602
14,17.01833962674715
15,16.94856115114593
16,16.667122652938627
17,16.806480045689675
18,16.606594134920147
19,16.708550315022325
20,16.646752761196925
21,16.461926757332794
22,16.44598018641853
23,16.381424223301863
24,16.392239004146735
25,16.611153575319733
26,16.716205551502583
27,16.6947325161199
28,16.685988290626895
29,16.783436908534817
30,16.59605926599243
31,16.4028768103809
32,16.42459706592285
33,16.478787043555663
34,16.66969025618643
35,16.54059174089559
36,16.457019998846075
37,16.257772947486327
38,16.300459498594794
39,16.173629072423125
40,16.198499271754162
41,16.24895581338456
42,16.46070743239801
43,16.440120365378373
44,16.350194743623604
45,16.335684645154192
46,16.332885859286414
47,16.311345530681674
48,16.281988920506656
49,16.34884808376509
50,16.249158906168823
51,16.259561448772644
52,16.333229879937647
53,16.224953486201517
54,16.192038981846526
55,16.487583456898076
56,16.50295250088415
57,16.398173614146106
58,16.63408191022934
59,16.61367330984913
60,16.706670138476063
61,16.862009409167683
62,16.83114108446643
63,16.872212460048555
64,16.876122935799604
65,16.8980954622291
66,16.85558797652916
67,16.91984274282831
68,16.902302198643007
69,17.100483538550794
70,17.10911655000884
71,17.123900231144727
72,17.038043593697747
73,17.08187432197407
74,17.107135787017327
75,17.07333187869486
76,17.319378635809784
77,17.28594940738294
78,17.310359238749726
79,17.319003092004422
80,17.401737722301576
81,17.32793716318315
82,17.367753078839556
83,17.441106040319625
84,17.44501137249603
85,17.519394383479383
86,17.51811805014519
87,17.730075205390126
88,17.88516959406655
89,17.84337956415596
90,17.920663970351743
91,18.022532724246002
92,17.84998998140818
93,18.00552924501786
94,18.01487851287599
95,18.074485857304268
96,18.0896774372575
97,17.991122677653337
98,18.117260607378835
99,18.157168107009845
100,18.119521017782535
101,18.099356069269632
102,18.132749829786565
103,18.153857987771335
104,18.18482666297752
105,18.209792884414753
106,18.25967299757663
107,18.19629169166753
108,18.29660399641058
109,18.350229625240956
110,18.320765569645438
111,18.359364222226347
112,18.451836015839834
113,18.41647352110144
114,18.471318973559328
115,18.52235500341234
116,18.532467130957553
117,18.495746769510173
118,18.526187067066957
119,18.55617503069539
120,18.55082792716953
121,18.6021113868504
122,18.60589823897531
123,18.542697272120215
124,18.570949504051118
125,18.70879472935719
126,18.582090597120885
127,18.73302700488687
128,18.733309328264458
129,18.645177882358006
130,18.612817077024797
131,18.71895945567115
132,18.678328221486467
133,18.639188999732536
134,18.722010987381427
135,18.66110611302355
136,18.633546984116013
137,18.714416225671584
138,18.68842492210574
139,18.696656479069542
140,18.701137451324758
141,18.56947687989508
142,18.61011518579418
143,18.597642769800782
144,18.572708609180264
145,18.637446530318684
146,18.633185372114134
147,18.692627590214617
148,18.636610431313738
149,18.670434957814038
150,18.765845236269946
151,18.791280419777443
152,18.85083714092537
153,18.803686597249946
154,18.81151185870193
155,18.801480174112744
156,18.849137996654427
157,18.81309223109408
158,18.760051065248913
159,18.87515630026917
160,18.819908779760084
161,18.754203247533294
162,18.736688318968174
163,18.723734264454357
164,18.72729397065152
165,18.700103276926757
166,18.77826636861428
167,18.821577516537346
168,18.80436162065204
169,18.836882095085773
170,18.857548051577574
171,18.860217360825622
172,18.729984341865233
173,18.777297178351688
174,18.760906204159244
175,18.754878779302587
176,18.729498969522155
177,18.77004587975353
178,18.73798480450872
179,18.76805108875048
180,18.84643587235653
181,18.82763549874886
182,18.869876375157336
183,18.801571003346517
184,18.82761941303384
185,18.90263739258413
186,18.945490579940625
187,18.97496045445141
188,18.953361635553122
189,18.980232312520382
190,18.969239508869997
191,19.03409659769736
192,19.01726718573906
193,19.000332937959044
194,18.993109195983916
195,18.970963670063817
196,18.96723440806435
197,19.017908233687873
198,19.029132333133862
199,19.040302101778202
200,19.0617446033919
201,19.00381536336061
202,18.93722954214159
203,19.010835230617236
204,18.932003329055476
205,18.898472202493537
206,19.039161846471032
207,18.96077026281023
208,18.970745545284863
209,18.953749760359102
210,18.93821111424931
211,18.93000636186976
212,18.977341490178187
213,19.00157988496456
214,18.956756145199154
215,19.077745128632355
216,19.07998706604866
217,19.14571089586404
218,19.11769712264983
219,19.140444791501533
220,19.190432666684536
221,19.131628654527777
222,19.109791441366607
223,19.130641619845793
224,19.102715347939284
225,19.21164824365869
226,19.228372110514204
227,19.214898115443617
228,19.226889300476397
229,19.266391312772296
230,19.317617576673918
231,19.29374466159161
232,19.333631121344293
233,19.303539504077662
234,19.317253290340275
235,19.39811949143753
236,19.346609538460026
237,19.376662921545094
238,19.3693703647488
239,19.410489720521024
240,19.381981195256685
241,19.42728966720438
242,19.36632948190808
243,19.394073304380015
244,19.384570174569554
245,19.375491038697678
246,19.377251448343156
247,19.398565865583535
248,19.427381825735203
249,19.419007010307215
250,19.431563457593015
251,19.428435085143562
252,19.494715382611474
253,19.40620758966626
254,19.494411031701837
255,19.49152431449962
256,19.502367854901248
257,19.517112388477532
258,19.489249957878695
259,19.49764811406239
260,19.535699615175517
261,19.476213609238744
262,19.524216304959754
263,19.54129028817407
264,19.554050460574555
265,19.543417195899714
266,19.540701386626033
267,19.484519959187793
268,19.55540069289402
269,19.544033389218622
270,19.58045923777781
271,19.573403850155326
272,19.563836841512114
273,19.573673967517024
274,19.545145297419587
275,19.548353235669826
276,19.505655548796188
277,19.45846398465688
278,19.548719213128596
279,19.613241830279254
280,19.599959861831866
281,19.637603105521542
282,19.678835125474706
283,19.68084533357347
284,19.637335844147646
285,19.68708126632533
286,19.701040279551684
287,19.750987108301405
288,19.696094854887374
289,19.735528033863893
290,19.722778749458307
291,19.67920076925714
292,19.680697870396283
293,19.71977732057438
294,19.739392439263643
295,19.72710135441785
296,19.729440558320476
297,19.754406035102413
298,19.712800489956038
299,19.800032419986305
0,19.64597565489004
1,19.492922882005526
2,19.422416647550538
3,19.144578986443445
4,18.94215801454191
5,18.546287849927868
6,18.60515139756863
7,18.532244720854624
8,18.276672134315024
9,18.319444456871484
10,18.35402405972698
11,18.331717795025924
12,18.203862944519994
13,17.8084103657995
14,17.572937097007028
15,17.48736679782533
16,17.434209454477294
17,17.492935844075348
18,17.212148641624438
19,17.26838227836961
20,17.35594128081157
21,17.294762788555307
22,17.238310816465365
23,17.153815651952566
24,17.100679895249783
25,17.02777417636895
26,17.039918796007306
27,16.936643625657755
28,16.842698775351902
29,16.851980587430333
30,16.913517273170978
31,16.87779146744737
32,16.988735753149204
33,17.154994928361624
34,17.03917544777369
35,17.048053800899872
36,17.091781092946373
37,17.222753381259825
38,17.185547348391346
39,17.208476902600403
40,17.183123070607852
41,17.150808167852542
42,17.119596742216068
43,17.183841531791394
44,17.26044948514595
45,17.310012405275895
46,17.360720546877385
47,17.225669041943004
48,17.312680790201938
49,17.446851053039516
50,17.46515527685696
51,17.586767141022577
52,17.5018754236421
53,17.52627116212562
54,17.556602577279424
55,17.529597177726135
56,17.509752568922707
57,17.594642966796492
58,17.63629356345528
59,17.60682803826318
60,17.60501631312248
61,17.744476282556803
62,17.67202174066286
63,17.653139689038
64,17.678163514380778
65,17.73861197664056
66,17.78355415880511
67,17.7305206702655
68,17.595151929115193
69,17.699109485142568
70,17.63476557395719
71,17.582587929874173
72,17.59636142960872
73,17.629506152299655
74,17.67495043970794
75,17.695695135353336
76,17.784108229767476
77,17.847310428348937
78,17.93580688932983
79,17.960597735434305
80,17.931000681553463
81,17.92704496428161
82,17.981019231980213
83,17.97570301165485
84,18.08411721790407
85,18.152458953515342
86,18.143289470489766
87,18.14237649135024
88,18.18682236399222
89,18.110947287699787
90,18.14384905261063
91,18.237313466494285
92,18.370720481129613
93,18.449845733221807
94,18.37372264102643
95,18.36942736876327
96,18.48206875172776
97,18.547376299866926
98,18.598761529310742
99,18.541083966688255
100,18.58765151487063
101,18.589622533065526
102,18.557331842822403
103,18.62993918757725
104,18.590070837229277
105,18.60582909486752
106,18.5848965097138
107,18.542179437461773
108,18.68450702318224
109,18.647396964816505
110,18.619922052824737
111,18.624071635950877
112,18.569030205216098
113,18.625534060039573
114,18.7133435051287
115,18.661169131257246
116,18.72910756255078
117,18.795932434129938
118,18.803003072790645
119,18.85572498925083
120,18.86878895492996
121,18.781272209769615
122,18.84756207067793
123,18.926685355557098
124,18.915825585183423
125,18.920044146865386
126,18.958349100063288
127,18.930932844839383
128,18.91145291611819
129,18.832357244088595
130,18.90803761212013
131,18.89521027985689
132,18.945538764979837
133,18.99932630891271
134,18.996023851079798
135,18.973121767402244
136,19.005188004312092
137,18.943783579934255
138,19.069397312646004
139,19.04236580233149
140,19.032127161028008
141,19.162582019494284
142,19.138957224313167
143,19.133459415113258
144,19.118852925416164
145,19.205632416301086
146,19.175101085907105
147,19.184965289754814
148,19.138076548256922
149,19.104088603927856
150,19.056986876103394
151,19.08197678960618
152,19.06669869548276
153,19.144359084520644
154,19.206215252429747
155,19.142965849471903
156,19.28532499306147
157,19.290225407899033
158,19.242871661789515
159,19.291997514409267
160,19.229648878926177
161,19.22150755228006
162,19.23542902456408
163,19.195416033225012
164,19.14538527916566
165,19.113606700669635
166,19.040169694772985
167,19.103546053957167
168,19.124033063791064
169,19.126879259459898
170,19.11218331749559
171,19.148157412926967
172,19.200923830319343
173,19.177298070547227
174,19.161307186244013
175,19.26103031306326
176,19.18719086083727
177,19.26639456630288
178,19.287248884371582
179,19.295820145953165
180,19.224050221274524
181,19.28716498866228
182,19.262398855955134
183,19.28745712300535
184,19.324088622433376
185,19.314070190068335
186,19.333467513129463
187,19.3126436130455
188,19.250041197306153
189,19.295719184717107
190,19.32554897031716
191,19.32125983844941
192,19.30184056911009
193,19.26568637195732
194,19.211578382793817
195,19.295540321050304
196,19.351355721039
197,19.318538879951806
198,19.35166042237835
199,19.370152696123444
200,19.384479198437603
201,19.358811150175757
202,19.491974094511406
203,19.488583847161586
204,19.441816794069965
205,19.48930988234617
206,19.426378673554797
207,19.39214615175013
208,19.515263709533155
209,19.52346007979897
210,19.458215303745643
211,19.568990558149263
212,19.51243081102077
213,19.49080692133332
214,19.564408375362156
215,19.51667348952952
216,19.461328556065233
217,19.50840551468846
218,19.60828506643235
219,19.609262299095256
220,19.62060213577234
221,19.536290731004975
222,19.62102436222893
223,19.622115258153805
224,19.517701395931944
225,19.556727544812027
226,19.664339744732978
227,19.67271684575022
228,19.70218087893059
229,19.748392478996987
230,19.75523747778902
231,19.72833115428552
232,19.724072880742902
233,19.68855192168136
234,19.751196992873005
235,19.656346293075096
236,19.72499322781163
237,19.672456150083445
238,19.711000192443446
239,19.762726080739316
240,19.67104367443965
241,19.74698069092819
242,19.67167237711594
243,19.699456928275247
244,19.710905566908664
245,19.719568754196523
246,19.680384639492043
247,19.73546707515454
248,19.67163180998869
249,19.726867521737365
250,19.751039338790694
251,19.675918324052823
252,19.704099946181696
253,19.653210980394654
254,19.725364158159362
255,19.643489356430983
256,19.726930104613047
257,19.691676143634208
258,19.751499807481654
259,19.771996823562713
260,19.78954969849149
261,19.731021832856175
262,19.77682160877174
263,19.741910381084576
264,19.78079038867019
265,19.815877548111523
266,19.812200753728533
267,19.78715533877551
268,19.816483439186687
269,19.805496363011745
270,19.834117801651427
271,19.843195836092185
272,19.770747886508445
273,19.88758296478383
274,19.891134509765443
275,19.886950980375126
276,19.932444178756672
277,19.901168415986497
278,19.933486104327713
279,19.910904693035548
280,19.873063029159198
281,19.881818497412212
282,19.894047275357604
283,19.878659145883613
284,19.92080988569724
285,19.870721683164188
286,19.9298127504443
287,19.90207842663058
288,19.827923085721807
289,19.89691714613663
290,19.908931051478568
291,19.91597354176119
292,19.9383907372278
293,19.919951893468117
294,19.88688139813679
295,19.92541779981023
296,19.871372363505564
297,19.931772763813438
298,19.879846942722278
299,19.880435814307198
0,20.012961398867372
1,19.70102771046684
2,19.60881700300164
3,19.174734604378365
4,19.010865610535394
5,18.92567688785864
6,18.703665238112986
7,18.541708371254696
8,18.058970427030204
9,17.96479266418067
10,18.143589834879577
11,18.011065301259457
12,17.91591463407966
13,17.67080019007288
14,17.540435536022866
15,17.55389146278652
16,17.48928448626878
17,17.313586138551564
18,17.174747170362366
19,16.998515734207952
20,17.008994347311383
21,16.953697394996755
22,16.949172838578203
23,16.89271150239041
24,17.028766058506466
25,16.86163260452749
26,16.619860508318624
27,16.869859814546658
28,16.815103984343793
29,16.86543099939045
30,16.866748882987352
31,16.81969974161197
32,16.67397789490491
33,16.50090935706207
34,16.592755473968023
35,16.70507955091794
36,16.52970428424752
37,16.59437352556069
38,16.352428998112362
39,16.362459039128215
40,16.301644555437562
41,16.211819885455984
42,16.06027045308365
43,16.162379918249684
44,16.150227380938965
45,16.121489432435766
46,15.99527300849584
47,15.944821771700827
48,15.939364866474918
49,16.169334370229905
50,16.144777928688498
51,16.19638797501814
52,16.311640395924968
53,16.255003454639635
54,16.463907201129153
55,16.552669511450627
56,16.50255948122541
57,16.647665244192083
58,16.622024454703574
59,16.71936454461678
60,16.806354028713525
61,16.77684284058878
62,16.78390240285852
63,16.790048564622012
64,16.715123406792006
65,16.77304765113915
66,16.825737536591244
67,16.7427501586687
68,16.754009662191454
69,16.771145034148105
70,16.79698273989058
71,16.832192870510003
72,16.860666833527375
73,16.87305959327188
74,16.78607168406013
75,16.823494958846034
76,17.00840541854445
77,16.962351044402514
78,16.992970575571118
79,17.06208603456681
80,17.07889788712524
81,17.008651511652214
82,17.149840968564533
83,17.130790222943094
84,17.29511063657997
85,17.351248333374457
86,17.295333386921822
87,17.30774099139253
88,17.310608396674304
89,17.39571981237499
90,17.46193253075658
91,17.43162948070334
92,17.498916166346838
93,17.544684453860707
94,17.563143040472962
95,17.613825388111284
96,17.532623059749653
97,17.490515617416744
98,17.58683278898959
99,17.612319664367757
100,17.703660076672662
101,17.690193314804404
102,17.597126615955144
103,17.620119693045822
104,17.67337665021512
105,17.709072463066796
106,17.677279889383406
107,17.770875565007646
108,17.737528625868435
109,17.798091816938175
110,17.851119638125464
111,17.801388180267697
112,17.966417395323756
113,17.94659737508774
114,17.992667130745115
115,18.05594990960011
116,18.008154136368063
117,18.05311311266192
118,18.08208323674888
119,18.065164351467203
120,17.989103889145632
121,18.049443718120774
122,18.06601671489372
123,18.045648951011053
124,18.077829616823745
125,18.1102114769382
126,18.098651053601085
127,18.129799892079205
128,18.207913760930357
129,18.127569655603562
130,18.229602003380496
131,18.344602856019417
132,18.273624405443837
133,18.357214163708836
134,18.354551991746817
135,18.39221744415595
136,18.378593806266696
137,18.46903486379646
138,18.443300274362805
139,18.416406369672814
140,18.43676720201687
141,18.47063895936332
142,18.445483033708207
143,18.50946016469683
144,18.488545837103338
145,18.46880670980819
146,18.492228713269217
147,18.569688271094904
148,18.700600290761102
149,18.60505792949016
150,18.66614198692452
151,18.689717640136696
152,18.653865562127944
153,18.7096431358284
154,18.69161015467328
155,18.709460577248418
156,18.765433899952612
157,18.786025458322577
158,18.89298000202519
159,18.847663293369234
160,18.887540296338926
161,18.92872415534151
162,18.987816413726826
163,19.008174245791913
164,19.039728333793068
165,19.013201302211442
166,19.027639322723115
167,18.99868070165218
168,18.950761596835996
169,19.048507857636938
170,19.088984307560548
171,19.072233864616013
172,19.03041136373032
173,19.05248999668311
174,19.031906790140866
175,19.027686449764392
176,19.062766859714714
177,18.97602012424267
178,19.020824003029464
179,19.016248569834406
180,18.969226460356047
181,19.04316987375379
182,19.01285163517145
183,19.011769782075955
184,19.006466610584315
185,19.059559792999046
186,19.094547213042716
187,19.124408953833726
188,19.135257586569224
189,19.112910383111547
190,19.11406592444064
191,19.13100252768285
192,19.108944964196894
193,19.13067188728383
194,19.068564384699606
195,19.158553202386788
196,19.17277806862671
197,19.209665012599054
198,19.171520602885323
199,19.19853398455553
200,19.144781317783053
201,19.228225394509252
202,19.20676963167805
203,19.214364476975
204,19.172628249116645
205,19.248840841974648
206,19.26220261726556
207,19.238544273745052
208,19.335010759914454
209,19.326293654595883
210,19.36383532620331
211,19.364184342885647
212,19.379000285163443
213,19.34408322222461
214,19.389740877908967
215,19.37662273272914
216,19.42598390827413
217,19.443006317672413
218,19.45152766490813
219,19.433147949754428
220,19.482569712616602
221,19.52330718231121
222,19.469044080851067
223,19.459734646204755
224,19.487503005187087
225,19.481786348393968
226,19.429789546093012
227,19.472313772711264
228,19.467225421560748
229,19.464539214642173
230,19.396192495908643
231,19.47996194718055
232,19.526318910565188
233,19.530822429496432
234,19.5935719210704
235,19.595855294949143
236,19.60551927160938
237,19.626532261837966
238,19.594423236379864
239,19.58863317611398
240,19.57384435353899
241,19.50079691729934
242,19.579360798561588
243,19.56418974819663
244,19.538454690497357
245,19.635028645522144
246,19.65484058500742
247,19.659964570098605
248,19.67213995499433
249,19.719955173463447
250,19.68269870232676
251,19.773053131352594
252,19.750678774174247
253,19.73310887768494
254,19.66006464669653
255,19.75509482262205
256,19.74195350384232
257,19.73177079552154
258,19.70213235293628
259,19.676248177660312
260,19.644520439200914
261,19.726227049282063
262,19.783527499358893
263,19.7624295562249
264,19.740631183844208
265,19.682257211382147
266,19.777316819279502
267,19.731254040399538
268,19.760388206070292
269,19.71378690456703
270,19.689747835142278
271,19.723972869225477
272,19.69149751270844
273,19.669596036481142
274,19.70773518403998
275,19.718334835410726
276,19.657180306166975
277,19.69164534684612
278,19.6114963056053
279,19.648026284852467
280,19.60400449722706
281,19.622868935561495
282,19.62349453815766
283,19.62552527671713
284,19.631088428989386
285,19.6007659215004
286,19.617812573913273
287,19.606701927890416
288,19.67144482869665
289,19.63196056140845
290,19.67081206936269
291,19.669999179498294
292,19.70038898578456
293,19.721868933505373
294,19.688060367741045
295,19.712116176373673
296,19.69749989971125
297,19.693455134894982
298,19.710632906891497
299,19.68078644086291
0,20.098282588304592
1,19.957808567824106
2,19.71196533525824
3,19.563538737479433
4,19.18985751055339
5,18.86875378669268
6,18.65369843174713
7,18.650052876784798
8,18.565102640325737
9,18.38478345238052
10,18.363075343421954
11,18.14701039572063
12,18.101414831752333
13,18.196163562009094
14,18.120856106523465
15,17.965786552925895
16,17.67012933163202
17,17.471218780194167
18,17.42562680158826
19,17.356012661218177
20,17.127423516989424
21,17.00729156085049
22,16.887475096840358
23,16.96424036729695
24,16.795090629180457
25,16.923658081191103
26,17.14836694026853
27,17.22782485019742
28,17.224615746946416
29,17.262300809276766
30,17.1356648761821
31,17.093917903967476
32,17.117477742990047
33,17.26102446117418
34,17.195402638826824
35,17.380945514462592
36,17.67089333135023
37,17.578497235799414
38,17.539081901253997
39,17.55576745140916
40,17.459976147258985
41,17.45653956446307
42,17.388322793432902
43,17.37203899902871
44,17.284778609634937
45,17.220395778999816
46,17.55720796860118
47,17.67429842638866
48,17.720681082296842
49,17.698220798725526
50,17.514681918790856
51,17.62940069393591
52,17.420813895002414
53,17.38083250899348
54,17.391825211932627
55,17.479645714869793
56,17.564238233054706
57,17.636023673866468
58,17.68385661744507
59,17.67692528919496
60,17.599321537412123
61,17.49064771014404
62,17.45818885310434
63,17.580800824293757
64,17.539531884203523
65,17.673761413801834
66,17.592550575475908
67,17.54138729048874
68,17.58863355804655
69,17.575089775850948
70,17.571279172262024
71,17.5187211099033
72,17.685732241187996
73,17.75066305029334
74,17.7081720422772
75,17.655460119631744
76,17.649197845339287
77,17.696077568336882
78,17.75664453767879
79,17.78508771891988
80,17.86935716367899
81,17.85832028482771
82,17.954883498001468
83,17.90309119493294
84,17.90873953930427
85,17.93660817990043
86,18.051835413113736
87,18.032813501344386
88,17.998186983003507
89,18.008205400625158
90,17.910869717157855
91,17.9127243390595
92,17.88628082355667
93,17.895942315636418
94,17.908099906983242
95,18.006250690645423
96,18.07073176701981
97,17.982095937976133
98,18.007817662996732
99,18.06078181003309
100,18.002254976632074
101,18.011566157834313
102,17.971686263075142
103,17.999436710673244
104,17.942176942861675
105,17.941566777310086
106,17.981151757669096
107,18.065253439429622
108,18.084529450803288
109,18.12982948881587
110,18.23581121780227
111,18.22143546345124
112,18.3348717889354
113,18.390360807283
114,18.364465866352354
115,18.414160780677605
116,18.48830598870048
117,18.57508086486202
118,18.580658695030934
119,18.59362620787105
120,18.670037411758482
121,18.70032184341833
122,18.73612197394107
123,18.7616717502025
124,18.689752841250627
125,18.749827861427985
126,18.794350098398226
127,18.699806600565957
128,18.77106239795099
129,18.836656381509275
130,18.86934215641085
131,18.824392045030464
132,18.78806425825724
133,18.810584173530447
134,18.784834484808687
135,18.79415155020365
136,18.754771315065316
137,18.8079671554556
138,18.847095402846012
139,18.828237100956116
140,18.858702299110835
141,18.828127331918026
142,18.71767476422293
143,18.722063162719294
144,18.72802987310335
145,18.7040296548838
146,18.68301040806513
147,18.641342543047983
148,18.74497281638515
149,18.740578776760604
150,18.785406913502257
151,18.824686044761783
152,18.927243893290235
153,18.960282489285024
154,18.954169451302395
155,18.840023718349038
156,18.87395803173794
157,18.932070752981392
158,18.95327215120417
159,18.822372725755514
160,18.946192372753252
161,18.948468684479543
162,18.898628393029455
163,18.85559615768411
164,18.841487875680976
165,18.869543541228992
166,18.841323435657404
167,18.872758199082387
168,18.856671896837835
169,18.794056231227614
170,18.864854311463993
171,18.908262778173814
172,18.899024573030687
173,18.864299009078
174,18.920257195673244
175,18.966903867905135
176,18.967519673365388
177,18.945211172760192
178,18.969035710475083
179,18.905387757819
180,18.899218034727024
181,18.94130798310505
182,18.903554605302784
183,18.950257440304142
184,18.941249072978597
185,18.977197483183062
186,19.04744715314501
187,18.92819559179232
188,19.05742523150998
189,19.07967937786215
190,19.12644380025051
191,19.178840977969447
192,19.214538936616982
193,19.18748518179317
194,19.126399032797522
195,19.197252033639405
196,19.206456029812895
197,19.194952997963163
198,19.18622521013178
199,19.16540629468819
200,19.163719439626327
201,19.192946924982255
202,19.269317510790138
203,19.28317910566976
204,19.205530376592574
205,19.284437145633145
206,19.231716348856228
207,19.25188304107602
208,19.302904751615838
209,19.330251769691007
210,19.36216630901362
211,19.385771119261374
212,19.280384009555267
213,19.3242486729165
214,19.301549690085285
215,19.305042876262128
216,19.280579716806393
217,19.321433818746137
218,19.242470313187678
219,19.181946550400145
220,19.25693099057223
221,19.287090171340257
222,19.320864641147082
223,19.34428666866332
224,19.322744634579944
225,19.36543564876818
226,19.295947904913213
227,19.283373502247944
228,19.301161763151672
229,19.353011234599094
230,19.284567303542715
231,19.298356693345102
232,19.36337872541374
233,19.313321929273602
234,19.421055718063155
235,19.415731076385384
236,19.39380943105037
237,19.369979885841712
238,19.469890015855192
239,19.42117335435946
240,19.396113466670066
241,19.476604985851687
242,19.42970967216992
243,19.44595700560713
244,19.507823620929457
245,19.46411817623368
246,19.535988736844445
247,19.613809163859276
248,19.610497320229353
249,19.624913997307313
250,19.648602861347133
251,19.662880289203414
252,19.67913801381108
253,19.706938196947128
254,19.692122675512273
255,19.668213793597566
256,19.680794452080665
257,19.697583780228555
258,19.694257309039827
259,19.722803680421894
260,19.744642358526153
261,19.732001549551434
262,19.64682425095143
263,19.74209391696448
264,19.763784262313738
265,19.76568193351798
266,19.707216369251988
267,19.72307435326587
268,19.74189573687024
269,19.72289488285593
270,19.76464125167346
271,19.770835605693694
272,19.722773721825043
273,19.72294598556399
274,19.73609616035129
275,19.75821831223179
276,19.727352000017966
277,19.774012508317433
278,19.75196346231313
279,19.75332870456799
280,19.762077930857853
281,19.796150503367738
282,19.73418687256807
283,19.713082928963363
284,19.78730274327777
285,19.778521151610416
286,19.75573479110719
287,19.748863645712404
288,19.73433796073021
289,19.78779827077883
290,19.75843969004561
291,19.75999597920373
292,19.748315216038808
293,19.695856064941324
294,19.749068322566888
295,19.76893946042766
296,19.757858260145703
297,19.789823851329466
298,19.804271052868046
299,19.848782709416707
0,19.58533520704907
1,19.255633769266137
2,19.268540367460112
3,19.07439088631329
4,18.846390038874574
5,18.563304693605893
6,18.422640836813404
7,18.312955727051353
8,18.484152832914788
9,18.425195825518877
10,18.53864043703627
11,18.539286249031488
12,18.10876916628425
13,18.11559998336439
14,18.096646418603033
15,18.163629143729082
16,18.008282666898737
17,18.09140439701079
18,17.994709230014042
19,17.988138153341087
20,17.687049358046256
21,17.7938244600421
22,17.43921473164354
23,17.306453615801246
24,17.272388402925717
25,17.443129861351597
26,17.61424877169723
27,17.68886679166574
28,17.53841756248077
29,17.593274093546615
30,17.534784811037188
31,17.47323714469971
32,17.51279776968341
33,17.393234059092833
34,17.552407169169243
35,17.239258281841593
36,17.417657621745615
37,17.4056959480985
38,17.477567247582265
39,17.40360613689508
40,17.482490602553135
41,17.313239900928416
42,17.384638798998658
43,17.23083536980033
44,17.21833579375518
45,17.210545268599205
46,17.192777929753166
47,17.179739392885313
48,17.0714652900082
49,17.11770878542394
50,17.29785832733012
51,17.294031557267548
52,17.288536188473277
53,17.224839036352225
54,17.259710317989537
55,17.115240626469607
56,17.162296113538208
57,17.202782113214216
58,17.361500644210345
59,17.49184294744361
60,17.499957390158844
61,17.474418652223168
62,17.47412339340861
63,17.40260984751344
64,17.405787822186536
65,17.384283142207416
66,17.415593121863992
67,17.40200461546419
68,17.36326752991186
69,17.343712197391294
70,17.46338780243156
71,17.412606310000363
72,17.354667607095145
73,17.43183783256303
74,17.56757799372383
75,17.616332559831456
76,17.648431228101003
77,17.78723970740656
78,17.787996107585442
79,17.90643695504077
80,17.92240897121583
81,17.933532905526576
82,17.970859325593924
83,17.926492513354795
84,17.931067791655423
85,17.978508697859088
86,18.063850959003926
87,18.062889164740803
88,18.167300133384185
89,18.175094398831952
90,18.194394015323653
91,18.270308805848707
92,18.292141209101125
93,18.206981231804257
94,18.24913507857462
95,18.375714422932077
96,18.415661216086917
97,18.406446176196866
98,18.408963327717416
99,18.44516236978522
100,18.47498197787552
101,18.458474352239918
102,18.409138480091826
103,18.448382186687102
104,18.56327249704193
105,18.54451741637425
106,18.507807125130686
107,18.540414262435778
108,18.54942857720464
109,18.55447904568241
110,18.535927274758592
111,18.47990379981091
112,18.432193639759102
113,18.426733588536855
114,18.376012475395996
115,18.478373065883297
116,18.56704161436115
117,18.556631678936395
118,18.59028915065907
119,18.582911391993996
120,18.5564608268676
121,18.610911957293503
122,18.613861895447982
123,18.68574048563564
124,18.608985747232136
125,18.622582360452384
126,18.612868881945406
127,18.61787385665795
128,18.50524157667151
129,18.48809290094322
130,18.433104004494037
131,18.589340842044866
132,18.60718759672236
133,18.634256232823873
134,18.518013292545906
135,18.501854164326044
136,18.53822473309568
137,18.60448959505606
138,18.57616482300659
139,18.595284472754773
140,18.50748514323405
141,18.63394006030431
142,18.646777199334895
143,18.70257979012067
144,18.80325368387269
145,18.7872369422286
146,18.7948678887423
147,18.843385656020313
148,18.7814098686086
149,18.841160498654858
150,18.792316009893028
151,18.814317483985285
152,18.834686524965594
153,18.825881395296516
154,18.790537214137238
155,18.718803669197847
156,18.81922165340375
157,18.80312274498506
158,18.796294178998775
159,18.785151973283003
160,18.695074262156247
161,18.710824707032412
162,18.765947889801126
163,18.79888332472042
164,18.828421620792717
165,18.88480305838248
166,18.904525336234407
167,18.94622733402369
168,18.94384553394853
169,18.918332558310848
170,19.01485110329101
171,19.039146430693926
172,19.026754291316973
173,19.0722757305259
174,19.124483112511342
175,19.065172823482254
176,19.10080499676802
177,19.11481820663954
178,19.06780258314853
179,19.201625849226385
180,19.161782011458964
181,19.13746983425395
182,19.09594640469068
183,19.168490677257925
184,19.131887809266
185,19.160603825819774
186,19.10342577209806
187,19.166342352487025
188,19.192659991889986
189,19.232733653755673
190,19.17243539811689
191,19.309734642401512
192,19.22707221882534
193,19.200140864336536
194,19.242534083713267
195,19.284861738489607
196,19.300794846377435
197,19.30495408266512
198,19.328059091555147
199,19.33868575472738
200,19.357578567839102
201,19.32437039600592
202,19.372333336195105
203,19.28051725192937
204,19.369511130180054
205,19.353611418419682
206,19.41025631113167
207,19.40389710728094
208,19.436037333281835
209,19.46763923734319
210,19.47105523251202
211,19.479899793763188
212,19.49391674550043
213,19.509330391026918
214,19.500632148885714
215,19.47974599406106
216,19.45184164156429
217,19.519115743102564
218,19.483855649152474
219,19.55992064502725
220,19.52535223768918
221,19.566651285238276
222,19.590069864701732
223,19.558204970133858
224,19.553218656763434
225,19.500597448853593
226,19.55208828023219
227,19.563521176589273
228,19.621436467066356
229,19.64144950534127
230,19.652596827708503
231,19.586821179815548
232,19.61692713822971
233,19.647668388314198
234,19.647626388554357
235,19.67467211426148
236,19.647360035229426
237,19.64379603350919
238,19.594127676211198
239,19.642163501832496
240,19.627432560211567
241,19.643935848669788
242,19.67121643060236
243,19.57248352582233
244,19.65582528960637
245,19.615518914452586
246,19.656661021821495
247,19.62849220571267
248,19.65021469680828
249,19.634021214904543
250,19.66730824505946
251,19.581229281113615
252,19.626667833182104
253,19.63756539453969
254,19.59748857794032
255,19.615188013778088
256,19.64581843817175
257,19.650578766514858
258,19.643487668006443
259,19.59273704190954
260,19.667341110187774
261,19.727086040831452
262,19.63389998967724
263,19.568756543498928
264,19.6984797655287
265,19.710657925501465
266,19.743295549733325
267,19.782112955863205
268,19.728348750236744
269,19.804525849174993
270,19.803377291068053
271,19.79195833707113
272,19.754232150044015
273,19.795167285142313
274,19.795707779624628
275,19.768687229173217
276,19.7128608781521
277,19.772775203319043
278,19.759979609350395
279,19.73029636332945
280,19.738475811297953
281,19.73667413476032
282,19.702628836782424
283,19.684852171511217
284,19.775359118641926
285,19.814652402062485
286,19.762858879658353
287,19.854524852344046
288,19.881682130081114
289,19.88804280659732
290,19.830293740656295
291,19.821397534629938
292,19.813715673634807
293,19.802608107441294
294,19.77099931758245
295,19.776642654347874
296,19.754848501511685
297,19.692326004657893
298,19.69498680324045
299,19.732823868773135
0,19.327740600250852
1,18.84596215127179
2,18.74457475612721
3,18.725231175833528
4,18.368222712011814
5,18.41933516645756
6,18.55484789133826
7,18.56163293513179
8,18.5455176045707
9,18.386162635346093
10,18.143210699440104
11,17.866091212770897
12,17.73189308515487
13,17.60404256504347
14,17.67811032814546
15,17.770360640814207
16,17.690603391484682
17,17.68929102973938
18,17.679851217123893
19,17.663295339420504
20,17.797891167756262
21,17.89409357208978
22,17.789637573181828
23,17.75958679481761
24,17.627238627111755
25,17.583928103939755
26,17.34683239177651
27,17.535749812315984
28,17.426595191153414
29,17.125024959635834
30,17.36558723843852
31,17.30878735451761
32,17.610529155438375
33,17.435798102706105
34,17.629008419810738
35,17.599925660931905
36,17.66435443923694
37,17.546224497677937
38,17.499356743768605
39,17.293113813053438
40,17.404221517751473
41,17.371721870091992
42,17.286774074654065
43,17.182591797488705
44,17.437253518612366
45,17.400413341810815
46,17.381633331247567
47,17.45675430102693
48,17.422000246979604
49,17.306669432380676
50,17.297215527423855
51,17.417535962029607
52,17.416476876291533
53,17.48883507419078
54,17.379882257436194
55,17.350996166315177
56,17.39873911569136
57,17.423073649165335
58,17.386340213596508
59,17.515791882224025
60,17.498286455883
61,17.405670983763358
62,17.518693395538204
63,17.4688338356503
64,17.525720719612767
65,17.59701497947124
66,17.623054387151946
67,17.61542053734943
68,17.54490023708247
69,17.501731893823766
70,17.53427544024359
71,17.5292774462785
72,17.536123773930246
73,17.679013604725803
74,17.670973332432208
75,17.66734011739397
76,17.575068374368396
77,17.56263158494675
78,17.592709454690134
79,17.747189023298578
80,17.61409821998869
81,17.57946447311352
82,17.595955475499483
83,17.565244513653102
84,17.550892202183835
85,17.511867099998113
86,17.56891992224219
87,17.587636357691085
88,17.67021883198278
89,17.597449202389438
90,17.60957223298818
91,17.742829820257946
92,17.78540182458114
93,17.833557036268687
94,17.820613294509933
95,17.905462082488395
96,17.88919047301112
97,17.925255942849272
98,18.007620951385004
99,17.88812204319169
100,17.9901869961716
101,18.00722262398845
102,17.8706858149946
103,18.04679338846145
104,18.103505565714308
105,18.11297281398232
106,18.104086920779228
107,18.09653429650551
108,18.15073438038315
109,18.163605982786773
110,18.172762985960258
111,18.19296371751554
112,18.197366898431298
113,18.144495462719973
114,18.094404984713407
115,18.0726983542557
116,18.14028099185344
117,18.1179478059466
118,18.15368366033156
119,18.14295379737921
120,18.223311360376954
121,18.331810838447602
122,18.355808890706065
123,18.489427577680733
124,18.452416179117623
125,18.483488238375998
126,18.48268868426704
127,18.48074664529831
128,18.51818162282449
129,18.55076211801087
130,18.504832674016498
131,18.514194298779266
132,18.53628754064281
133,18.51053560869665
134,18.51695907717692
135,18.591453513628256
136,18.63454935725064
137,18.51952530199235
138,18.653572319844546
139,18.707408117147402
140,18.781908271924852
141,18.85585368798268
142,18.7954513474164
143,18.863773725386114
144,18.863376513453375
145,18.81948986124956
146,18.888448643320295
147,18.86252860219587
148,18.95711502024902
149,18.944537468908262
150,18.97710838875906
151,18.92651750459424
152,18.89287981466801
153,18.839044227661468
154,18.876432319881935
155,18.94104166382874
156,18.883365034881297
157,18.94128845544761
158,18.882693806912382
159,18.952435024534303
160,18.992374867541276
161,19.017885878533463
162,19.02611404752859
163,18.976891953109934
164,19.019048463546273
165,18.99535350629443
166,19.061611178403428
167,19.11439937591048
168,19.110706814667175
169,19.11550340321155
170,19.113557445610642
171,19.13491045828252
172,19.212007194339936
173,19.209797949326497
174,19.21950159735439
175,19.27314365320315
176,19.256709361354822
177,19.20137040323624
178,19.242752715366546
179,19.24654711583023
180,19.21037643149411
181,19.251512369304226
182,19.224289345793533
183,19.235017839805902
184,19.270642315605897
185,19.30685041634835
186,19.324484540415384
187,19.3088062409399
188,19.293190094284054
189,19.322449250046017
190,19.355254887577832
191,19.364229962025103
192,19.375564174864323
193,19.326830258667073
194,19.366908763824995
195,19.29136363391874
196,19.35999066776769
197,19.416211392736685
198,19.41906258422738
199,19.407858357304903
200,19.455418654154524
201,19.50923017611607
202,19.426648851519715
203,19.499794566832488
204,19.483417954233268
205,19.5223530910898
206,19.50338423827334
207,19.543208108696252
208,19.521541790175757
209,19.543401545731776
210,19.52930542047552
211,19.576555775377507
212,19.54417643668975
213,19.58122731625557
214,19.65274133608236
215,19.613061917672624
216,19.603707801384964
217,19.631991015694847
218,19.57236482596617
219,19.537477281558665
220,19.61332284713797
221,19.635974847226496
222,19.66738103092074
223,19.64550018113872
224,19.67846720340934
225,19.646059418271296
226,19.648619168461533
227,19.674718133049772
228,19.678189788654215
229,19.640689886105214
230,19.642430813029186
231,19.690209045485677
232,19.729901753604608
233,19.664742354501527
234,19.69785916708343
235,19.72754057253339
236,19.747414790296776
237,19.67271850724496
238,19.703838192905625
239,19.66070957659517
240,19.725524867040836
241,19.725937811872395
242,19.770021117274627
243,19.76448541835989
244,19.770339101819538
245,19.704055898262908
246,19.694430051076132
247,19.68730864020122
248,19.679594225898374
249,19.691767911047023
250,19.68498505831007
251,19.639799047989865
252,19.688457114703464
253,19.651682307972088
254,19.694011462435288
255,19.71612327061615
256,19.756774193902313
257,19.74695509515672
258,19.696726963058836
259,19.78028895239789
260,19.776217521507267
261,19.750701178589555
262,19.770489320303113
263,19.765112671335157
264,19.738549345124607
265,19.6750309378203
266,19.65703555759781
267,19.707552193359955
268,19.77394773270142
269,19.793089959409844
270,19.745256932681354
271,19.818007705514443
272,19.786974941332634
273,19.761541683594874
274,19.782919715728863
275,19.716527660898038
276,19.779021168854328
277,19.74355769490958
278,19.8284362199237
279,19.830423600863927
280,19.820561700970764
281,19.736767382262148
282,19.818646344687938
283,19.852154634789425
284,19.794977470412796
285,19.863950051225068
286,19.846402737927832
287,19.855406752314995
288,19.836832293729127
289,19.866861053171657
290,19.86290511631892
291,19.88111281133009
292,19.817430878363652
293,19.900645464481705
294,19.891660403341973
295,19.909386684099307
296,19.916819369706303
297,19.940824238683398
298,19.90923294422084
299,19.867096619665823
0,20.016726485047965
1,19.720984577432436
2,19.504365182828508
3,19.272685531015416
4,19.13691684707684
5,19.003256167885237
6,18.986853038823696
7,19.012789245657512
8,18.792431727804093
9,18.508087836149034
10,18.37066398823641
11,18.511574849942885
12,18.64088835015002
13,18.618099652815292
14,18.71521843020743
15,18.448799382711382
16,18.227757476100123
17,18.344257065928787
18,18.101767381585404
19,17.80387841123142
20,17.797980359829882
21,17.422994009796177
22,17.66727302737474
23,17.77997663599527
24,17.573768203558544
25,17.709165097415426
26,17.669687629931676
27,17.48126303233841
28,17.59769596002124
29,17.609185990145228
30,17.55901818546175
31,17.55638863520756
32,17.390984530114913
33,17.405197365640287
34,17.595021432766163
35,17.562557322517666
36,17.556763794251484
37,17.44732093836501
38,17.37920737736873
39,17.523880219065802
40,17.53670931198758
41,17.481720041954667
42,17.380927504437512
43,17.36443953138296
44,17.474194546524036
45,17.483874026389795
46,17.396143513767562
47,17.504355966721775
48,17.48020046994999
49,17.49799497419029
50,17.47233423679922
51,17.328303115903907
52,17.27603897112807
53,17.453665709614192
54,17.518571229849577
55,17.5047097535025
56,17.509148020198772
57,17.586455746686624
58,17.484228454342684
59,17.465251100887887
60,17.514524418322054
61,17.34723831615073
62,17.339777754929635
63,17.326190471273204
64,17.31198644846129
65,17.257449784389493
66,17.269922810005678
67,17.344038992533324
68,17.426844339113984
69,17.464792201564936
70,17.477917326086917
71,17.49016341448777
72,17.544664898772496
73,17.5379308707559
74,17.602157085284514
75,17.492400150205427
76,17.461933509819424
77,17.359081083434173
78,17.490650817886696
79,17.59821808369101
80,17.525359721039422
81,17.56949341098293
82,17.723750900447783
83,17.70290924476229
84,17.718170479532986
85,17.75617196922076
86,17.773706190541116
87,17.823384004289615
88,17.722179064350826
89,17.825550127021916
90,17.76449651752221
91,17.827223907507744
92,17.871655470530367
93,17.959658895045397
94,18.013871720001987
95,17.908015003706367
96,18.02326358747473
97,18.03112862533619
98,18.10665450594606
99,18.138280039352267
100,18.231730106320768
101,18.190678482782886
102,18.1700293389854
103,18.155011306370096
104,18.103383392012603
105,18.130889026813215
106,18.16887058498759
107,18.126151029070297
108,18.147151593916796
109,18.186541049535162
110,18.171725149153605
111,18.175484592747146
112,18.293126919953338
113,18.282459152202343
114,18.328360810746357
115,18.346880783814292
116,18.42235604568268
117,18.44377350017524
118,18.24870095202329
119,18.258106845250083
120,18.31064973544034
121,18.364844635349773
122,18.41124831743783
123,18.437246410507253
124,18.419932430797097
125,18.41210472485307
126,18.477300779218385
127,18.461968044317295
128,18.403335056221135
129,18.464547053760207
130,18.456765650086147
131,18.43288660460959
132,18.434374108119503
133,18.4388093637762
134,18.446772053523038
135,18.533990299834834
136,18.442411296250743
137,18.51413327864044
138,18.482632533029186
139,18.42029262028757
140,18.468585080296176
141,18.4892126376772
142,18.486805725020982
143,18.497205364566472
144,18.53293595959746
145,18.61232140229566
146,18.564312920780075
147,18.665513498793924
148,18.66987474448564
149,18.567272055140133
150,18.594559332557285
151,18.64749194525741
152,18.619869473050205
153,18.630146477994465
154,18.616967220788233
155,18.5310940528039
156,18.61766850899275
157,18.62949481956244
158,18.678654629398277
159,18.668220130448752
160,18.67092991771125
161,18.671187365704707
162,18.638645030137297
163,18.812619798384688
164,18.800454381200076
165,18.781605469925555
166,18.793517726591638
167,18.84927132203898
168,18.81482884048926
169,18.832104180606013
170,18.89556906689962
171,18.932752333497564
172,18.863031121450454
173,18.89172200503886
174,18.888928924405494
175,18.90619075917925
176,18.93786387168411
177,18.96269107181993
178,18.943205727026942
179,18.899250613040437
180,18.92795135835079
181,18.884322622911025
182,18.898871936058963
183,18.864352708773477
184,18.803641523675363
185,18.91239108845683
186,18.836240496229482
187,18.870013995676345
188,18.856741737236476
189,18.92959179139729
190,18.982989762992407
191,18.962972875211843
192,18.945977730789856
193,18.97300114374509
194,19.02217733450656
195,19.03511967094288
196,19.01653596321398
197,19.028761559536107
198,19.06621783200034
199,19.091725343120352
200,19.060212566039088
201,19.10751351292467
202,19.070687854483012
203,19.068599189438416
204,19.137975846786617
205,19.205273699326337
206,19.24253669362782
207,19.229464986827054
208,19.24673307906566
209,19.233423727997362
210,19.24083803538307
211,19.202519108039006
212,19.268156874534533
213,19.291239232278965
214,19.303716980830085
215,19.242407862010314
216,19.32711842614347
217,19.2899782897512
218,19.281712584909386
219,19.247311912759933
220,19.285237106058954
221,19.2869054516331
222,19.323259892343362
223,19.354738688164645
224,19.350200945245618
225,19.348781887698618
226,19.344191289595834
227,19.333430756416618
228,19.25985233308908
229,19.366260016523547
230,19.417791438936515
231,19.439403151210584
232,19.442174809478875
233,19.449586838795675
234,19.462031211170913
235,19.467524581693276
236,19.473994569458185
237,19.406226822108184
238,19.444151591056144
239,19.388607632509846
240,19.48276551239407
241,19.514900081238633
242,19.533630608827643
243,19.544664349584213
244,19.539038165810332
245,19.47290659787442
246,19.462426497857503
247,19.51975414901554
248,19.529308092143367
249,19.471725288280602
250,19.55793778213989
251,19.522340806055432
252,19.52345164281014
253,19.464020324402824
254,19.4631179275983
255,19.470860201784518
256,19.475704246392656
257,19.449352867472136
258,19.426907240672232
259,19.47582702893861
260,19.513258688796462
261,19.457708459134317
262,19.55165046701394
263,19.530639307543673
264,19.587392162181512
265,19.587341917962878
266,19.607663223181625
267,19.620830494251393
268,19.63334487858495
269,19.574824380252178
270,19.577012750132308
271,19.639264762975746
272,19.675266703164585
273,19.62113064088416
274,19.673376848139352
275,19.703593591868785
276,19.660480788860546
277,19.701188195519908
278,19.693362455708087
279,19.74664392417016
280,19.755766232748528
281,19.769926532624776
282,19.77029327435575
283,19.79525040079683
284,19.716142675504532
285,19.780662803793117
286,19.73942193622627
287,19.709277036022655
288,19.80406568263069
289,19.804699184377412
290,19.774111426197457
291,19.705588357892744
292,19.799791970255825
293,19.815269227867514
294,19.786540611020715
295,19.84783886123379
296,19.839097162219144
297,19.779517193457743
298,19.839212332586186
299,19.791446689313833
0,19.755392920467223
1,19.355609085129124
2,19.187843178603977
3,18.888672207545262
4,18.51474783737738
5,18.45895827098486
6,18.33171516866847
7,18.151281660390385
8,17.78604435668213
9,17.99396472676581
10,17.89996083352243
11,17.854826309986766
12,17.766073066054897
13,17.594407347057093
14,17.553004719863804
15,17.406658323791667
16,17.216204909912612
17,17.179150363996907
18,17.24905734003933
19,17.267979552552465
20,17.225837084873294
21,16.984380389595596
22,16.977558022751275
23,17.04749845472421
24,16.95390954709638
25,16.900419216410114
26,16.7742682777788
27,16.765558046508815
28,16.814513407972427
29,16.904705587929726
30,16.75654720678287
31,16.768953601539636
32,16.72906220825303
33,16.68027178932238
34,16.606790945924164
35,16.445372268473303
36,16.416590356872824
37,16.422633385738187
38,16.600844784745636
39,16.62565494669159
40,16.613024046973607
41,16.781074730403656
42,16.90768353820239
43,16.968187649777835
44,16.911363195337117
45,16.98468930294299
46,16.969211238417074
47,16.85359896492326
48,16.767046722706223
49,16.851260305524846
50,16.934669337963275
51,16.86218266565748
52,16.94279777619754
53,17.00135457067723
54,17.034515426463265
55,16.926303533785347
56,17.094511716403233
57,17.099124692814
58,16.91443256226647
59,17.032263323103756
60,16.991148647618587
61,16.900241667725176
62,17.050339224137655
63,17.177244060587416
64,17.05133884124028
65,17.017228080703646
66,17.025879005882796
67,17.07399443709946
68,17.13528073154504
69,16.998584923551405
70,16.946972070446684
71,16.997346057538717
72,16.97976781296478
73,16.993033598606555
74,16.960377276438955
75,16.974615215819156
76,17.027030772453724
77,16.958274358396714
78,17.036280063157278
79,16.98801952957754
80,16.98196853190623
81,17.030818035478582
82,17.09282089178691
83,17.042394946950164
84,17.076774327692377
85,17.109373619408984
86,17.106849669951934
87,17.032479086456302
88,17.219616670940642
89,17.341439047313365
90,17.27301388790256
91,17.236862549891395
92,17.25194791293807
93,17.386370650909747
94,17.379498857184366
95,17.387823545782545
96,17.332063472917405
97,17.402040604806775
98,17.359099330888906
99,17.36826357060958
100,17.32742039128266
101,17.545996696980446
102,17.53535584703611
103,17.65015621450661
104,17.622743071624832
105,17.632981216933334
106,17.63799352749402
107,17.511697714380915
108,17.565035180730515
109,17.63016768569179
110,17.63491123703726
111,17.703703930033846
112,17.71347311604404
113,17.714096633223036
114,17.698852486232177
115,17.699382057048503
116,17.72094342563754
117,17.690022995982424
118,17.692392374073894
119,17.67336789447185
120,17.63267653142323
121,17.80694064847049
122,17.801826929188813
123,17.821704338199712
124,17.901939040827827
125,17.889131434502055
126,17.936165027223044
127,18.01018968982339
128,18.02246213868028
129,18.046091485760552
130,18.05525640283644
131,18.006369335808238
132,18.126044170087827
133,18.05069388321888
134,18.17694228225908
135,18.228994454104665
136,18.117872145795605
137,18.18238777835835
138,18.23815807873812
139,18.26715592796636
140,18.302610657871817
141,18.250179811424427
142,18.234878685938668
143,18.290339476023764
144,18.270218013338297
145,18.280979024043162
146,18.285881300682334
147,18.381178192606022
148,18.37942568114191
149,18.34345048713505
150,18.42518477667403
151,18.461474348739614
152,18.470069381920965
153,18.43619639297635
154,18.441998572514965
155,18.378696094120375
156,18.536955168445353
157,18.548619799979754
158,18.501706780892572
159,18.57959575354316
160,18.586046846939542
161,18.598990770545953
162,18.603866606964857
163,18.562275864132655
164,18.566180224556177
165,18.616469265250355
166,18.56051137927772
167,18.601758665249243
168,18.624236339963637
169,18.61524291894875
170,18.589256324392892
171,18.606272082052715
172,18.62287719923444
173,18.576044079431306
174,18.62470398980908
175,18.636495346385896
176,18.62011042232304
177,18.677872448081082
178,18.67243460022233
179,18.655693740460837
180,18.746605058905292
181,18.832417711166098
182,18.822187858950716
183,18.76517501610944
184,18.717027669358192
185,18.73806919946976
186,18.716102767168064
187,18.698810851351507
188,18.8002057629504
189,18.810464624758268
190,18.792920057983917
191,18.838474745511988
192,18.81715259550494
193,18.870566175957443
194,18.87495962615446
195,18.83257856466504
196,18.86620025367769
197,18.901982139367828
198,18.927107120938444
199,18.914294861004663
200,18.935688805774067
201,18.848984871866634
202,18.86499727384263
203,18.868851961392398
204,18.902833425470604
205,18.87462052339932
206,18.919460103222164
207,18.915730811784773
208,18.93558367992306
209,18.92212264266674
210,18.821477303398066
211,18.91219965296985
212,18.940914490269915
213,18.918256138557272
214,18.886082155808527
215,18.856725981111158
216,18.922070115861484
217,18.8924667041829
218,18.906399586892803
219,18.892750781349058
220,18.88355898274344
221,18.97414771730675
222,18.982476265692934
223,19.016145322126356
224,18.97018194523018
225,18.95326437050589
226,18.939912913907822
227,19.037176026847327
228,19.06391167816301
229,19.0953696014551
230,19.10783636034592
231,19.081522247203416
232,19.083449312422783
233,19.084068418313766
234,19.092609760985088
235,19.12324649814572
236,19.07096273275312
237,19.16567216886761
238,19.138279618847452
239,19.128587824579935
240,19.1301749096305
241,19.187885732340828
242,19.184243068127152
243,19.21087743756578
244,19.262999043852133
245,19.24296098847828
246,19.210632219339846
247,19.242859024844932
248,19.21038576840536
249,19.259593551036154
250,19.297609364703796
251,19.321571610936825
252,19.325598270658826
253,19.25235239926094
254,19.323187904879642
255,19.355170850797453
256,19.341776325452486
257,19.357827977204593
258,19.36837913116973
259,19.439515210334143
260,19.377425160782277
261,19.38636222581506
262,19.40478954289259
263,19.454740171549766
264,19.4024678186827
265,19.415101382013052
266,19.459683264741827
267,19.46984762269812
268,19.452172328573674
269,19.451448791803507
270,19.461803414505223
271,19.45282194248837
272,19.399383010608414
273,19.461905724667222
274,19.464800925534835
275,19.408708325730764
276,19.423511703890803
277,19.49601388019374
278,19.426854572829313
279,19.47180937825618
280,19.44392830687955
281,19.498712912505408
282,19.501087883045717
283,19.54702865589739
284,19.5103735546611
285,19.495252476722378
286,19.535990616192983
287,19.523507079134223
288,19.51139535428122
289,19.48139978601761
290,19.453388401863613
291,19.42211959840434
292,19.460163566442915
293,19.481083228489418
294,19.531828635289813
295,19.51585273388898
296,19.527334071600105
297,19.558849697124703
298,19.562552264465687
299,19.564330105888242
0,19.876712163350504
1,19.53743726759725
2,18.928387278697024
3,18.985998716027904
4,18.71106463436211
5,18.909762472776997
6,19.104688839156267
7,18.938693038596483
8,18.931563969388353
9,18.830179052207484
10,18.493552486559395
11,18.320419204136122
12,18.18935199401535
13,18.16772098893727
14,18.108548609265974
15,17.909166367109414
16,17.79476996711506
17,17.759444532229107
18,17.491023125286194
19,17.104836431312748
20,17.047085892508814
21,16.954633872158997
22,16.976506601196835
23,16.996622610645378
24,16.903591892676488
25,16.915236336176285
26,16.91358857421928
27,16.980517715218078
28,16.778743853481963
29,16.837399339039038
30,17.052011716101394
31,17.140577841726785
32,17.115867084584377
33,17.25647433239087
34,17.216364970261264
35,17.332382363276665
36,17.26876078913225
37,17.328694449714913
38,17.43193883949687
39,17.254953188822114
40,17.462011801073693
41,17.421984855156843
42,17.36448728193761
43,17.477005521172515
44,17.467345645662654
45,17.470037243330168
46,17.50508404631636
47,17.61805080322713
48,17.551294114759585
49,17.728564924809127
50,17.569071099358904
51,17.580841082728377
52,17.594491680340855
53,17.551737886967214
54,17.502760963036266
55,17.371001774663508
56,17.261835590700827
57,17.26735093905567
58,17.399762564140815
59,17.43555192233903
60,17.593286532099846
61,17.672805947332108
62,17.664413179028397
63,17.549200899858818
64,17.52459972260044
65,17.60795220681378
66,17.619165871559048
67,17.619369048101003
68,17.56386733656032
69,17.660823412709963
70,17.641416591826896
71,17.640691117847535
72,17.73003345182177
73,17.805273276169483
74,17.905990881001625
75,17.784827924825645
76,17.794943344432756
77,17.997380473037616
78,18.090464342144507
79,17.959307960735494
80,18.084968083795275
81,18.098989209373197
82,18.18511653628812
83,18.21392459524239
84,18.26483872509703
85,18.272552609902007
86,18.223292219416194
87,18.22041235448532
88,18.181037035811833
89,18.2923684784357
90,18.281646335347187
91,18.128135737276054
92,18.087799197903507
93,18.031902156078342
94,18.073590585812813
95,18.084992909548976
96,18.185171957672967
97,18.0523225991322
98,17.95892720296186
99,18.071612036878964
100,18.09169992236532
101,18.138916916387913
102,18.133579388135153
103,18.233868155518373
104,18.21752562736288
105,18.277407730721773
106,18.335887046628486
107,18.422412544361407
108,18.39436863359275
109,18.349231480371962
110,18.335029160752878
111,18.357694097314262
112,18.428469297129798
113,18.380751252277083
114,18.426254340882576
115,18.46841329545288
116,18.566191032435693
117,18.501535265038704
118,18.623814079776853
119,18.64104591818132
120,18.660914256067663
121,18.65649967390855
122,18.755233894406626
123,18.82181394559113
124,18.78532375950217
125,18.866252894941706
126,18.931517952349697
127,18.915475406401274
128,18.841655800599167
129,18.858844151281517
130,18.89225558011577
131,18.836878459551446
132,18.80865379532267
133,18.848304715980944
134,18.73128801408166
135,18.761737657854272
136,18.690087786498307
137,18.63323540556634
138,18.622555332810506
139,18.663354644018327
140,18.55428290959262
141,18.653890574773033
142,18.623269458516738
143,18.65954013354895
144,18.590340487356066
145,18.583279022779426
146,18.54496628302936
147,18.718215878185326
148,18.761647561237233
149,18.7794173729256
150,18.773915395992187
151,18.76394300752494
152,18.782016032708057
153,18.8205025950285
154,18.788797369258024
155,18.82068078701699
156,18.849754010708832
157,18.829133129451932
158,18.886866579782534
159,18.905186465046327
160,18.940828850985966
161,18.945741318606366
162,18.922436639660184
163,19.009868010360773
164,19.061103183918977
165,19.032580565726082
166,18.917172195904286
167,18.920928859577295
168,19.027612608166116
169,18.984569123045706
170,19.038994846319554
171,19.11063567823148
172,19.141492432732743
173,19.121586321623013
174,19.061533232226086
175,19.079623510871958
176,19.066102157385316
177,19.022664781245453
178,19.052275773390363
179,19.048444664735317
180,18.977865419847568
181,19.007109546640798
182,19.10669637618131
183,19.119553788348743
184,19.069699966113976
185,19.051445740738956
186,19.057524163402178
187,19.077930371841457
188,19.09738223238523
189,19.10187600883479
190,19.090595638657987
191,19.08303886671629
192,19.075564044613493
193,19.060503171555293
194,19.00560911460411
195,19.073310283034
196,18.944712586307734
197,19.05798769592516
198,19.06719094619542
199,19.124654454160822
200,19.061663486762217
201,19.117040510498985
202,19.149399159896518
203,19.183842165355177
204,19.187283105037682
205,19.202033769410875
206,19.23881083831767
207,19.229014425458306
208,19.168193375675877
209,19.16733023243025
210,19.187139823484188
211,19.140838151626447
212,19.188648287469185
213,19.24931855472079
214,19.237552953181215
215,19.200688026087196
216,19.18581200694851
217,19.210139212349404
218,19.19587459547545
219,19.16552028822816
220,19.226514906343354
221,19.235849257067017
222,19.228017950982906
223,19.254265036048785
224,19.228810043748847
225,19.257609816371833
226,19.208976862535497
227,19.213043227705
228,19.21177011138665
229,19.18112139025486
230,19.26073207076527
231,19.32607746890011
232,19.335018950566607
233,19.337850873845984
234,19.32697309447071
235,19.35622610882054
236,19.36603202467385
237,19.391028043094277
238,19.413742103333057
239,19.376228292963756
240,19.396882448087585
241,19.2726687615597
242,19.288447704222264
243,19.311733990662105
244,19.297207841580715
245,19.302695742827197
246,19.271386202863756
247,19.224427148555883
248,19.26841128003307
249,19.29533682092143
250,19.332718526902482
251,19.28208762715529
252,19.30837070394564
253,19.285709219706007
254,19.339789876722772
255,19.324144063026303
256,19.353543984909123
257,19.349244974271304
258,19.276214580590494
259,19.376140243348114
260,19.387818098076682
261,19.365321643519074
262,19.32579121360262
263,19.321320103927906
264,19.304064730815046
265,19.349742121773783
266,19.356894621877238
267,19.31410746218075
268,19.425511647835688
269,19.49907405421941
270,19.45511895668736
271,19.43148763146438
272,19.549304462066765
273,19.560363859666413
274,19.546196610939223
275,19.51374996057297
276,19.520491606790927
277,19.544113760789788
278,19.508106474129143
279,19.504107769382877
280,19.52973290257705
281,19.50079186405981
282,19.482290348427178
283,19.478657729326933
284,19.498156375317752
285,19.453366961814062
286,19.57085932383552
287,19.60815563182729
288,19.584368166789858
289,19.592433495723427
290,19.559229248855463
291,19.597135674378237
292,19.658261413063368
293,19.645926082391046
294,19.68342473745925
295,19.658082971668247
296,19.675570009265254
297,19.654522557735426
298,19.65799091482846
299,19.63847946273952
