Epoch,Y value
1,5.800441235013292
2,5.788729361293715
3,4.544510717166208
4,3.9598843603940677
5,3.5849992315323793
6,3.5849992315323793
7,3.579275060511034
8,3.5769649609734206
9,3.574796438215835
10,3.574796438215835
11,3.574796438215835
12,3.5645389017150433
13,3.5645389017150433
14,3.0406013005588766
15,2.655166240563766
16,2.648870502950079
17,2.59150176291303
18,2.59150176291303
19,2.59150176291303
20,2.59150176291303
21,2.59150176291303
22,2.59150176291303
23,2.583453561097397
24,2.583453561097397
25,1.8330979537511785
26,1.240928559553947
27,0.5822860198308608
28,0.5822860198308608
29,0.20161549001097656
30,0.10592446466962047
31,0.10592446466962047
32,0.10592446466962047
33,0.10592446466962047
34,0.006220518278869935
35,0.006220518278869935
36,0.006220518278869935
37,0.006220518278869935
38,0.006220518278869935
39,0.006220518278869935
40,0.006220518278869935
41,0.006220518278869935
42,0.0038803142239314248
43,0.0038803142239314248
44,0.0038803142239314248
45,0.0038803142239314248
46,0.0038803142239314248
47,0.0038803142239314248
48,0.0038803142239314248
49,0.0038803142239314248
50,0.0038803142239314248
51,0.0038803142239314248
52,0.0038803142239314248
53,0.0038803142239314248
54,0.0038803142239314248
55,0.0038803142239314248
56,0.0038803142239314248
57,0.0038803142239314248
58,0.0038803142239314248
59,0.0038803142239314248
60,0.0038803142239314248
61,0.0038803142239314248
62,0.0038803142239314248
63,0.0038803142239314248
64,0.0038803142239314248
65,0.0038803142239314248
66,0.0038803142239314248
67,0.0038803142239314248
68,0.0038803142239314248
69,0.0038803142239314248
70,0.0038803142239314248
71,0.0038803142239314248
72,0.0038803142239314248
73,0.0038803142239314248
74,0.0038803142239314248
75,0.0038803142239314248
76,0.0038803142239314248
77,0.0038803142239314248
78,0.0038803142239314248
79,0.0038803142239314248
80,0.0038803142239314248
81,0.0038803142239314248
82,0.0038803142239314248
83,0.0038803142239314248
84,0.0038803142239314248
85,0.0038803142239314248
86,0.0038803142239314248
87,0.0038803142239314248
88,0.0038803142239314248
89,0.0038803142239314248
90,0.0038803142239314248
91,0.0038803142239314248
92,0.0038803142239314248
93,0.0038803142239314248
94,0.0038803142239314248
95,0.0038803142239314248
96,0.0038803142239314248
97,0.0038803142239314248
98,0.0038803142239314248
99,0.0038803142239314248
100,0.0038803142239314248
101,0.0038803142239314248
102,0.0038803142239314248
103,0.0038803142239314248
104,0.0038803142239314248
105,0.0038803142239314248
106,0.0038803142239314248
107,0.0038803142239314248
108,0.0038803142239314248
109,0.0038803142239314248
110,0.0038803142239314248
111,0.0038803142239314248
112,0.0038803142239314248
113,0.0038803142239314248
114,0.0038803142239314248
115,0.0038803142239314248
116,0.0038803142239314248
117,0.0038803142239314248
118,0.0038803142239314248
119,0.0038803142239314248
120,0.0038803142239314248
121,0.0038803142239314248
122,0.0038803142239314248
123,0.0038803142239314248
124,0.0038803142239314248
125,0.0038803142239314248
126,0.0038803142239314248
127,0.0038803142239314248
128,0.0038803142239314248
129,0.0038803142239314248
130,0.0038803142239314248
131,0.0038803142239314248
132,0.0038803142239314248
133,0.0038803142239314248
134,0.0038803142239314248
135,0.0038803142239314248
136,0.0038803142239314248
137,0.0038803142239314248
138,0.0038803142239314248
139,0.0033029882223059026
140,0.0033029882223059026
141,0.0033029882223059026
142,0.0033029882223059026
143,0.0033029882223059026
144,0.0033029882223059026
145,0.0033029882223059026
146,0.0033029882223059026
147,0.0033029882223059026
148,0.0033029882223059026
149,0.0033029882223059026
150,0.0033029882223059026
151,0.0033029882223059026
152,0.0033029882223059026
153,0.0033029882223059026
154,0.0033029882223059026
155,0.0033029882223059026
156,0.0033029882223059026
157,0.0033029882223059026
158,0.0033029882223059026
159,0.0033029882223059026
160,0.0033029882223059026
161,0.0033029882223059026
162,0.0033029882223059026
163,0.0033029882223059026
164,0.0033029882223059026
165,0.0033029882223059026
166,0.0033029882223059026
167,0.0033029882223059026
168,0.0033029882223059026
169,0.0033029882223059026
170,0.0033029882223059026
171,0.0033029882223059026
172,0.0033029882223059026
173,0.0033029882223059026
174,0.0033029882223059026
175,0.0033029882223059026
176,0.0033029882223059026
177,0.0033029882223059026
178,0.0033029882223059026
179,0.0033029882223059026
180,0.0033029882223059026
181,0.0033029882223059026
182,0.0033029882223059026
183,0.0033029882223059026
184,0.0033029882223059026
185,0.0033029882223059026
186,0.0033029882223059026
187,0.0033029882223059026
188,0.0033029882223059026
189,0.0033029882223059026
190,0.0033029882223059026
191,0.0033029882223059026
192,0.0033029882223059026
193,0.0033029882223059026
194,0.0033029882223059026
195,0.0033029882223059026
196,0.0033029882223059026
197,0.0033029882223059026
198,0.0033029882223059026
199,0.0033029882223059026
200,0.0033029882223059026
201,0.0033029882223059026
202,0.0033029882223059026
203,0.0033029882223059026
204,0.0033029882223059026
205,0.0033029882223059026
206,0.0033029882223059026
207,0.0033029882223059026
208,0.0033029882223059026
209,0.0033029882223059026
210,0.0033029882223059026
211,0.0033029882223059026
212,0.0033029882223059026
213,0.0033029882223059026
214,0.0033029882223059026
215,0.0033029882223059026
216,0.0033029882223059026
217,0.0033029882223059026
218,0.0033029882223059026
219,0.0033029882223059026
220,0.0033029882223059026
221,0.0033029882223059026
222,0.0033029882223059026
223,0.0033029882223059026
224,0.0033029882223059026
225,0.0033029882223059026
226,0.0033029882223059026
227,0.0033029882223059026
228,0.0033029882223059026
229,0.0033029882223059026
230,0.0033029882223059026
231,0.0033029882223059026
232,0.0033029882223059026
233,0.0033029882223059026
234,0.0033029882223059026
235,0.0033029882223059026
236,0.0033029882223059026
237,0.0033029882223059026
238,0.0033029882223059026
239,0.0033029882223059026
240,0.0033029882223059026
241,0.0033029882223059026
242,0.0033029882223059026
243,0.0033029882223059026
244,0.0033029882223059026
245,0.0033029882223059026
246,0.0033029882223059026
247,0.0033029882223059026
248,0.0033029882223059026
249,0.0033029882223059026
250,0.0033029882223059026
251,0.0033029882223059026
252,0.0033029882223059026
253,0.0033029882223059026
254,0.0033029882223059026
255,0.0033029882223059026
256,0.0033029882223059026
257,0.0033029882223059026
258,0.0033029882223059026
259,0.0033029882223059026
260,0.0033029882223059026
261,0.0033029882223059026
262,0.0033029882223059026
263,0.0033029882223059026
264,0.0033029882223059026
265,0.0033029882223059026
266,0.0033029882223059026
267,0.0033029882223059026
268,0.0033029882223059026
269,0.0033029882223059026
270,0.0033029882223059026
271,0.0033029882223059026
272,0.0033029882223059026
273,0.0033029882223059026
274,0.0033029882223059026
275,0.0033029882223059026
276,0.0033029882223059026
277,0.0033029882223059026
278,0.0033029882223059026
279,0.0033029882223059026
280,0.0033029882223059026
281,0.0033029882223059026
282,0.0033029882223059026
283,0.0033029882223059026
284,0.0033029882223059026
285,0.0033029882223059026
286,0.0033029882223059026
287,0.0033029882223059026
288,0.0033029882223059026
289,0.0033029882223059026
290,0.0033029882223059026
291,0.0033029882223059026
292,0.0033029882223059026
293,0.0033029882223059026
294,0.0033029882223059026
295,0.0033029882223059026
296,0.0033029882223059026
297,0.0033029882223059026
298,0.0033029882223059026
299,0.0033029882223059026
0,7.136745490847437
1,4.35960208126092
2,4.35960208126092
3,4.35960208126092
4,1.9892091364710542
5,1.9892091364710542
6,1.9892091364710542
7,1.9892091364710542
8,1.9892091364710542
9,1.9892091364710542
10,1.9821683865092798
11,1.9821683865092798
12,1.9821683865092798
13,1.6594196666443293
14,1.5947776269515335
15,1.4877262426413052
16,1.4877262426413052
17,1.332696041413389
18,1.332696041413389
19,0.5637423584459822
20,0.5637423584459822
21,0.44790729318375755
22,0.44790729318375755
23,0.44790729318375755
24,0.44790729318375755
25,0.2912865173533814
26,0.2912865173533814
27,0.04654534436054947
28,0.04654534436054947
29,0.04654534436054947
30,0.04654534436054947
31,0.04654534436054947
32,0.045243577088030396
33,0.045243577088030396
34,0.045243577088030396
35,0.045243577088030396
36,0.04202461202630703
37,0.04161642695337209
38,0.04039930741748465
39,0.04039930741748465
40,0.04039930741748465
41,0.04039930741748465
42,0.03483008224595752
43,0.028826480489112516
44,0.028826480489112516
45,0.027444473892835664
46,0.027444473892835664
47,0.027444473892835664
48,0.027444473892835664
49,0.027444473892835664
50,0.01928557840638634
51,0.01928557840638634
52,0.010591145827306025
53,0.010591145827306025
54,0.010591145827306025
55,0.010591145827306025
56,0.010591145827306025
57,0.009976856184494398
58,0.009976856184494398
59,0.009636609618042247
60,0.009636609618042247
61,0.009636609618042247
62,0.008539180330299434
63,0.008539180330299434
64,0.008269638518261235
65,0.008269638518261235
66,0.008269638518261235
67,0.008269638518261235
68,0.008269638518261235
69,0.008269638518261235
70,0.008269638518261235
71,0.008269638518261235
72,0.008269638518261235
73,0.008269638518261235
74,0.008269638518261235
75,0.00235675224057319
76,0.00235675224057319
77,0.00235675224057319
78,0.00235675224057319
79,0.00235675224057319
80,0.00235675224057319
81,0.00235675224057319
82,0.00235675224057319
83,0.00235675224057319
84,0.00235675224057319
85,0.00235675224057319
86,0.00235675224057319
87,0.00235675224057319
88,0.00235675224057319
89,0.00235675224057319
90,0.00235675224057319
91,0.00235675224057319
92,0.00235675224057319
93,0.00235675224057319
94,0.00235675224057319
95,0.00235675224057319
96,0.00235675224057319
97,0.00235675224057319
98,0.00235675224057319
99,0.00235675224057319
100,0.00235675224057319
101,0.00235675224057319
102,0.00235675224057319
103,0.00235675224057319
104,0.00235675224057319
105,0.00235675224057319
106,0.00235675224057319
107,0.00235675224057319
108,0.00235675224057319
109,0.00235675224057319
110,0.00235675224057319
111,0.00235675224057319
112,0.00235675224057319
113,0.00235675224057319
114,0.00235675224057319
115,0.00235675224057319
116,0.00235675224057319
117,0.00235675224057319
118,0.00235675224057319
119,0.00235675224057319
120,0.00235675224057319
121,0.00235675224057319
122,0.00235675224057319
123,0.00235675224057319
124,0.00235675224057319
125,0.00235675224057319
126,0.00235675224057319
127,0.00235675224057319
128,0.00235675224057319
129,0.00235675224057319
130,0.00235675224057319
131,0.00235675224057319
132,0.00235675224057319
133,0.00235675224057319
134,0.00235675224057319
135,0.00235675224057319
136,0.00235675224057319
137,0.00235675224057319
138,0.00235675224057319
139,0.00235675224057319
140,0.00235675224057319
141,0.00235675224057319
142,0.00235675224057319
143,0.00235675224057319
144,0.00235675224057319
145,0.00235675224057319
146,0.00235675224057319
147,0.00235675224057319
148,0.00235675224057319
149,0.00235675224057319
150,0.00235675224057319
151,0.00235675224057319
152,0.00235675224057319
153,0.00235675224057319
154,0.00235675224057319
155,0.00235675224057319
156,0.00235675224057319
157,0.00235675224057319
158,0.00235675224057319
159,0.00235675224057319
160,0.00235675224057319
161,0.00235675224057319
162,0.00235675224057319
163,0.00235675224057319
164,0.00235675224057319
165,0.00235675224057319
166,0.00235675224057319
167,0.00235675224057319
168,0.00235675224057319
169,0.00235675224057319
170,0.00235675224057319
171,0.00235675224057319
172,0.00235675224057319
173,0.00235675224057319
174,0.00235675224057319
175,0.00235675224057319
176,0.00235675224057319
177,0.00235675224057319
178,0.00235675224057319
179,0.00235675224057319
180,0.00235675224057319
181,0.00235675224057319
182,0.00235675224057319
183,0.00235675224057319
184,0.00235675224057319
185,0.00235675224057319
186,0.00235675224057319
187,0.00235675224057319
188,0.00235675224057319
189,0.00235675224057319
190,0.00235675224057319
191,0.00235675224057319
192,0.00235675224057319
193,0.00235675224057319
194,0.00235675224057319
195,0.00235675224057319
196,0.00235675224057319
197,0.00235675224057319
198,0.00235675224057319
199,0.00235675224057319
200,0.00235675224057319
201,0.00235675224057319
202,0.00235675224057319
203,0.00235675224057319
204,0.00235675224057319
205,0.00235675224057319
206,0.00235675224057319
207,0.00235675224057319
208,0.00235675224057319
209,0.00235675224057319
210,0.00235675224057319
211,0.00235675224057319
212,0.00235675224057319
213,0.00235675224057319
214,0.00235675224057319
215,0.00235675224057319
216,0.00235675224057319
217,0.00235675224057319
218,0.00235675224057319
219,0.00235675224057319
220,0.00235675224057319
221,0.00235675224057319
222,0.00235675224057319
223,0.00235675224057319
224,0.00235675224057319
225,0.00235675224057319
226,0.00235675224057319
227,0.00235675224057319
228,0.00235675224057319
229,0.00235675224057319
230,0.00235675224057319
231,0.00235675224057319
232,0.00235675224057319
233,0.00235675224057319
234,0.00235675224057319
235,0.00235675224057319
236,0.00235675224057319
237,0.00235675224057319
238,0.00235675224057319
239,0.00235675224057319
240,0.00235675224057319
241,0.00235675224057319
242,0.00235675224057319
243,0.00235675224057319
244,0.00235675224057319
245,0.00235675224057319
246,0.00235675224057319
247,0.00235675224057319
248,0.00235675224057319
249,0.00235675224057319
250,0.00235675224057319
251,0.00235675224057319
252,0.00235675224057319
253,0.00235675224057319
254,0.00235675224057319
255,0.00235675224057319
256,0.00235675224057319
257,0.00235675224057319
258,0.00235675224057319
259,0.00235675224057319
260,0.00235675224057319
261,0.00235675224057319
262,0.00235675224057319
263,0.00235675224057319
264,0.00235675224057319
265,0.00235675224057319
266,0.00235675224057319
267,0.00235675224057319
268,0.00235675224057319
269,0.00235675224057319
270,0.00235675224057319
271,0.00235675224057319
272,0.00235675224057319
273,0.00235675224057319
274,0.00235675224057319
275,0.00235675224057319
276,0.00235675224057319
277,0.00235675224057319
278,0.00235675224057319
279,0.00235675224057319
280,0.00235675224057319
281,0.00235675224057319
282,0.00235675224057319
283,0.00235675224057319
284,0.00235675224057319
285,0.00235675224057319
286,0.00235675224057319
287,0.00235675224057319
288,0.00235675224057319
289,0.00235675224057319
290,0.00235675224057319
291,0.00235675224057319
292,0.00235675224057319
293,0.00235675224057319
294,0.00235675224057319
295,0.00235675224057319
296,0.00235675224057319
297,0.00235675224057319
298,0.00235675224057319
299,0.00235675224057319
0,8.17485524814307
1,8.17485524814307
2,5.898003738195502
3,4.425760021540018
4,4.425760021540018
5,4.425760021540018
6,3.993498934467173
7,3.08702616320867
8,3.08702616320867
9,2.9697913535809275
10,2.9697913535809275
11,2.41591492499142
12,2.166938339697577
13,2.166938339697577
14,2.166938339697577
15,1.7311934813169896
16,1.3727519687525889
17,1.3727519687525889
18,1.3727519687525889
19,1.3727519687525889
20,1.3727519687525889
21,1.3727519687525889
22,1.230933511792181
23,1.230933511792181
24,1.230933511792181
25,1.2138801414038203
26,1.2138801414038203
27,1.2138801414038203
28,1.118699427724739
29,1.118699427724739
30,1.0594987356203807
31,0.7410361490092154
32,0.7197945111368225
33,0.7197945111368225
34,0.5888805315254939
35,0.5888805315254939
36,0.025684291380774216
37,0.025684291380774216
38,0.025684291380774216
39,0.025684291380774216
40,0.025684291380774216
41,0.025684291380774216
42,0.025684291380774216
43,0.025684291380774216
44,0.025684291380774216
45,0.025684291380774216
46,0.025684291380774216
47,0.025684291380774216
48,0.025684291380774216
49,0.025684291380774216
50,0.025684291380774216
51,0.025684291380774216
52,0.015085667069865583
53,0.015085667069865583
54,0.011632891581190297
55,0.011632891581190297
56,0.011632891581190297
57,0.011632891581190297
58,0.011632891581190297
59,0.011632891581190297
60,0.011632891581190297
61,0.006950290255943958
62,0.006950290255943958
63,0.006950290255943958
64,0.006950290255943958
65,0.006950290255943958
66,0.006950290255943958
67,0.006950290255943958
68,0.006950290255943958
69,0.006548436497571419
70,0.006548436497571419
71,0.006437323508166504
72,0.006437323508166504
73,0.006437323508166504
74,0.006437323508166504
75,0.006437323508166504
76,0.006437323508166504
77,0.006437323508166504
78,0.006437323508166504
79,0.006437323508166504
80,0.006437323508166504
81,0.006437323508166504
82,0.006437323508166504
83,0.006437323508166504
84,0.006437323508166504
85,0.006437323508166504
86,0.006437323508166504
87,0.006437323508166504
88,0.006437323508166504
89,0.006437323508166504
90,0.006437323508166504
91,0.006437323508166504
92,0.006437323508166504
93,0.006437323508166504
94,0.006437323508166504
95,0.006437323508166504
96,0.006437323508166504
97,0.006437323508166504
98,0.006437323508166504
99,0.006437323508166504
100,0.006437323508166504
101,0.006437323508166504
102,0.006437323508166504
103,0.006437323508166504
104,0.006437323508166504
105,0.006437323508166504
106,0.006437323508166504
107,0.006437323508166504
108,0.006437323508166504
109,0.006437323508166504
110,0.006437323508166504
111,0.006437323508166504
112,0.006437323508166504
113,0.006437323508166504
114,0.006437323508166504
115,0.006437323508166504
116,0.006437323508166504
117,0.006437323508166504
118,0.006437323508166504
119,0.006437323508166504
120,0.006437323508166504
121,0.006437323508166504
122,0.006437323508166504
123,0.006437323508166504
124,0.006437323508166504
125,0.006437323508166504
126,0.006437323508166504
127,0.006437323508166504
128,0.006437323508166504
129,0.006437323508166504
130,0.006437323508166504
131,0.006437323508166504
132,0.006437323508166504
133,0.006437323508166504
134,0.006437323508166504
135,0.006437323508166504
136,0.006437323508166504
137,0.006437323508166504
138,0.006437323508166504
139,0.006437323508166504
140,0.006437323508166504
141,0.006437323508166504
142,0.006437323508166504
143,0.006437323508166504
144,0.006437323508166504
145,0.006437323508166504
146,0.006437323508166504
147,0.006437323508166504
148,0.006437323508166504
149,0.006437323508166504
150,0.006437323508166504
151,0.006437323508166504
152,0.006437323508166504
153,0.006437323508166504
154,0.006437323508166504
155,0.006437323508166504
156,0.006437323508166504
157,0.006437323508166504
158,0.006437323508166504
159,0.006437323508166504
160,0.006437323508166504
161,0.006437323508166504
162,0.006437323508166504
163,0.006437323508166504
164,0.006437323508166504
165,0.006437323508166504
166,0.006437323508166504
167,0.006437323508166504
168,0.006437323508166504
169,0.006437323508166504
170,0.006437323508166504
171,0.006437323508166504
172,0.006437323508166504
173,0.006437323508166504
174,0.006437323508166504
175,0.006437323508166504
176,0.006437323508166504
177,0.006437323508166504
178,0.006437323508166504
179,0.006437323508166504
180,0.006437323508166504
181,0.006437323508166504
182,0.006437323508166504
183,0.006437323508166504
184,0.006437323508166504
185,0.006437323508166504
186,0.006437323508166504
187,0.006437323508166504
188,0.006437323508166504
189,0.006437323508166504
190,0.006437323508166504
191,0.006437323508166504
192,0.006437323508166504
193,0.006437323508166504
194,0.006437323508166504
195,0.006437323508166504
196,0.006437323508166504
197,0.006437323508166504
198,0.006437323508166504
199,0.006437323508166504
200,0.006437323508166504
201,0.006437323508166504
202,0.006437323508166504
203,0.006437323508166504
204,0.006437323508166504
205,0.006437323508166504
206,0.006437323508166504
207,0.006437323508166504
208,0.006437323508166504
209,0.006437323508166504
210,0.006437323508166504
211,0.006437323508166504
212,0.006437323508166504
213,0.006437323508166504
214,0.006437323508166504
215,0.006437323508166504
216,0.006437323508166504
217,0.006437323508166504
218,0.006437323508166504
219,0.006437323508166504
220,0.006437323508166504
221,0.006437323508166504
222,0.006437323508166504
223,0.006437323508166504
224,0.006437323508166504
225,0.006437323508166504
226,0.006437323508166504
227,0.006437323508166504
228,0.006437323508166504
229,0.006437323508166504
230,0.006437323508166504
231,0.006437323508166504
232,0.006437323508166504
233,0.006437323508166504
234,0.006437323508166504
235,0.006437323508166504
236,0.006437323508166504
237,0.006437323508166504
238,0.006437323508166504
239,0.006437323508166504
240,0.006437323508166504
241,0.006437323508166504
242,0.006437323508166504
243,0.006437323508166504
244,0.006437323508166504
245,0.006437323508166504
246,0.006437323508166504
247,0.006437323508166504
248,0.006437323508166504
249,0.006437323508166504
250,0.006437323508166504
251,0.006437323508166504
252,0.006437323508166504
253,0.006437323508166504
254,0.006437323508166504
255,0.006437323508166504
256,0.006437323508166504
257,0.006437323508166504
258,0.006437323508166504
259,0.006437323508166504
260,0.006437323508166504
261,0.006437323508166504
262,0.006437323508166504
263,0.006437323508166504
264,0.006437323508166504
265,0.006437323508166504
266,0.006437323508166504
267,0.006437323508166504
268,0.006437323508166504
269,0.006437323508166504
270,0.006437323508166504
271,0.006437323508166504
272,0.006437323508166504
273,0.006437323508166504
274,0.006437323508166504
275,0.006437323508166504
276,0.006437323508166504
277,0.006437323508166504
278,0.006437323508166504
279,0.006437323508166504
280,0.006437323508166504
281,0.006437323508166504
282,0.006437323508166504
283,0.006437323508166504
284,0.006437323508166504
285,0.006437323508166504
286,0.006437323508166504
287,0.006437323508166504
288,0.006437323508166504
289,0.006437323508166504
290,0.006437323508166504
291,0.006437323508166504
292,0.006437323508166504
293,0.006437323508166504
294,0.006437323508166504
295,0.006437323508166504
296,0.006437323508166504
297,0.006437323508166504
298,0.006437323508166504
299,0.006437323508166504
0,7.728649479025831
1,4.568856040861938
2,4.568856040861938
3,4.568856040861938
4,4.243603508993363
5,4.239526351583681
6,3.57451696051421
7,3.57451696051421
8,3.147988007328817
9,0.596782564438858
10,0.596782564438858
11,0.596782564438858
12,0.596782564438858
13,0.596782564438858
14,0.596782564438858
15,0.596782564438858
16,0.596782564438858
17,0.596782564438858
18,0.596782564438858
19,0.596782564438858
20,0.596782564438858
21,0.42091436156334483
22,0.42091436156334483
23,0.42091436156334483
24,0.36880280503804785
25,0.36880280503804785
26,0.36880280503804785
27,0.3314275548048653
28,0.3314275548048653
29,0.3314275548048653
30,0.3314275548048653
31,0.1591636223425863
32,0.15675084308425413
33,0.11712065347500955
34,0.11712065347500955
35,0.11712065347500955
36,0.11712065347500955
37,0.11712065347500955
38,0.08821406524290554
39,0.08821406524290554
40,0.08821406524290554
41,0.08821406524290554
42,0.08821406524290554
43,0.0837700185179
44,0.0837700185179
45,0.0837700185179
46,0.0837700185179
47,0.059893822756848625
48,0.059893822756848625
49,0.059893822756848625
50,0.04984807581239581
51,0.04613440783409617
52,0.04613440783409617
53,0.04613440783409617
54,0.04613440783409617
55,0.04613440783409617
56,0.04613440783409617
57,0.045725198864702055
58,0.03910195436826713
59,0.03910195436826713
60,0.03910195436826713
61,0.03910195436826713
62,0.03910195436826713
63,0.03910195436826713
64,0.018861737921551214
65,0.018861737921551214
66,0.018861737921551214
67,0.018861737921551214
68,0.018861737921551214
69,0.018861737921551214
70,0.018861737921551214
71,0.018861737921551214
72,0.018861737921551214
73,0.018861737921551214
74,0.018861737921551214
75,0.018861737921551214
76,0.018861737921551214
77,0.018861737921551214
78,0.018861737921551214
79,0.018861737921551214
80,0.018861737921551214
81,0.016715312147532746
82,0.016715312147532746
83,0.016715312147532746
84,0.016715312147532746
85,0.016715312147532746
86,0.016715312147532746
87,0.016715312147532746
88,0.012746714253094371
89,0.012746714253094371
90,0.012746714253094371
91,0.012746714253094371
92,0.012746714253094371
93,0.012746714253094371
94,0.012746714253094371
95,0.012746714253094371
96,0.012746714253094371
97,0.012746714253094371
98,0.012491106096935045
99,0.005300107145583599
100,0.005300107145583599
101,0.005300107145583599
102,0.002520964484649557
103,0.002520964484649557
104,0.002520964484649557
105,0.002520964484649557
106,0.002520964484649557
107,0.002520964484649557
108,0.002520964484649557
109,0.002520964484649557
110,0.002520964484649557
111,0.002520964484649557
112,0.002520964484649557
113,0.002520964484649557
114,0.002520964484649557
115,0.002520964484649557
116,0.002520964484649557
117,0.002520964484649557
118,0.002520964484649557
119,0.002520964484649557
120,0.002520964484649557
121,0.002520964484649557
122,0.002520964484649557
123,0.002520964484649557
124,0.002520964484649557
125,0.002520964484649557
126,0.002520964484649557
127,0.002520964484649557
128,0.002520964484649557
129,0.002520964484649557
130,0.002520964484649557
131,0.002520964484649557
132,0.002520964484649557
133,0.002520964484649557
134,0.002520964484649557
135,0.002520964484649557
136,0.002520964484649557
137,0.002520964484649557
138,0.002520964484649557
139,0.002520964484649557
140,0.002520964484649557
141,0.002520964484649557
142,0.002520964484649557
143,0.002520964484649557
144,0.002520964484649557
145,0.002520964484649557
146,0.002520964484649557
147,0.002520964484649557
148,0.002520964484649557
149,0.002520964484649557
150,0.002520964484649557
151,0.002520964484649557
152,0.002520964484649557
153,0.002520964484649557
154,0.002520964484649557
155,0.002520964484649557
156,0.002520964484649557
157,0.002520964484649557
158,0.002520964484649557
159,0.002520964484649557
160,0.002520964484649557
161,0.002520964484649557
162,0.002520964484649557
163,0.002520964484649557
164,0.002520964484649557
165,0.002520964484649557
166,0.002520964484649557
167,0.002520964484649557
168,0.002520964484649557
169,0.002520964484649557
170,0.002520964484649557
171,0.002520964484649557
172,0.002520964484649557
173,0.002520964484649557
174,0.002520964484649557
175,0.002520964484649557
176,0.002520964484649557
177,0.002520964484649557
178,0.002520964484649557
179,0.002520964484649557
180,0.002520964484649557
181,0.002520964484649557
182,0.002520964484649557
183,0.002520964484649557
184,0.002520964484649557
185,0.002520964484649557
186,0.002520964484649557
187,0.002520964484649557
188,0.002520964484649557
189,0.002520964484649557
190,0.002520964484649557
191,0.002520964484649557
192,0.002520964484649557
193,0.002520964484649557
194,0.002520964484649557
195,0.002520964484649557
196,0.002520964484649557
197,0.002520964484649557
198,0.002520964484649557
199,0.002520964484649557
200,0.002520964484649557
201,0.002520964484649557
202,0.002520964484649557
203,0.002520964484649557
204,0.002520964484649557
205,0.002520964484649557
206,0.002520964484649557
207,0.002520964484649557
208,0.002520964484649557
209,0.002520964484649557
210,0.002520964484649557
211,0.002520964484649557
212,0.002520964484649557
213,0.002520964484649557
214,0.002520964484649557
215,0.002520964484649557
216,0.002520964484649557
217,0.002520964484649557
218,0.002520964484649557
219,0.002520964484649557
220,0.002520964484649557
221,0.002520964484649557
222,0.002520964484649557
223,0.002520964484649557
224,0.002520964484649557
225,0.002520964484649557
226,0.002520964484649557
227,0.002520964484649557
228,0.002520964484649557
229,0.002520964484649557
230,0.002520964484649557
231,0.002520964484649557
232,0.002520964484649557
233,0.002520964484649557
234,0.002520964484649557
235,0.002520964484649557
236,0.002520964484649557
237,0.002520964484649557
238,0.002520964484649557
239,0.002520964484649557
240,0.002520964484649557
241,0.002520964484649557
242,0.002520964484649557
243,0.002520964484649557
244,0.002520964484649557
245,0.002520964484649557
246,0.002520964484649557
247,0.002520964484649557
248,0.002520964484649557
249,0.002520964484649557
250,0.002520964484649557
251,0.002520964484649557
252,0.002520964484649557
253,0.002520964484649557
254,0.002520964484649557
255,0.002520964484649557
256,0.002520964484649557
257,0.002520964484649557
258,0.002520964484649557
259,0.002520964484649557
260,0.002520964484649557
261,0.002520964484649557
262,0.002520964484649557
263,0.002520964484649557
264,0.002520964484649557
265,0.002520964484649557
266,0.002520964484649557
267,0.002520964484649557
268,0.002520964484649557
269,0.002520964484649557
270,0.002520964484649557
271,0.002520964484649557
272,0.002520964484649557
273,0.002520964484649557
274,0.002520964484649557
275,0.002520964484649557
276,0.002520964484649557
277,0.002520964484649557
278,0.002520964484649557
279,0.002520964484649557
280,0.002520964484649557
281,0.002520964484649557
282,0.002520964484649557
283,0.002520964484649557
284,0.002520964484649557
285,0.002520964484649557
286,0.002520964484649557
287,0.002520964484649557
288,0.002520964484649557
289,0.002520964484649557
290,0.002520964484649557
291,0.002520964484649557
292,0.002520964484649557
293,0.002520964484649557
294,0.002520964484649557
295,0.002520964484649557
296,0.002520964484649557
297,0.002520964484649557
298,0.002520964484649557
299,0.002520964484649557
0,8.555898888856055
1,4.431959213221891
2,4.431959213221891
3,3.845309524105027
4,3.2062493521469517
5,3.2062493521469517
6,0.8920774432959715
7,0.8920774432959715
8,0.8920774432959715
9,0.2909925687193007
10,0.2909925687193007
11,0.2909925687193007
12,0.2909925687193007
13,0.2909925687193007
14,0.24095940665707305
15,0.24095940665707305
16,0.24095940665707305
17,0.23893734830381108
18,0.22842173089672047
19,0.21198892804885405
20,0.2114833068355435
21,0.2114833068355435
22,0.20988198398705693
23,0.20988198398705693
24,0.20988198398705693
25,0.20941717309505892
26,0.20655743368886847
27,0.2061988319370589
28,0.040315360643873976
29,0.040315360643873976
30,0.03157436306556294
31,0.03157436306556294
32,0.03147353886502957
33,0.01525443879297983
34,0.01525443879297983
35,0.01525443879297983
36,0.01525443879297983
37,0.01525443879297983
38,0.01525443879297983
39,0.011990452556557063
40,0.011990452556557063
41,0.011990452556557063
42,0.009323399246643493
43,0.007880222977988627
44,0.0036048074084615855
45,0.0036048074084615855
46,0.0036048074084615855
47,0.0036048074084615855
48,0.0036048074084615855
49,0.0036048074084615855
50,0.0036048074084615855
51,0.0036048074084615855
52,0.0036048074084615855
53,0.0036048074084615855
54,0.0036048074084615855
55,0.0036048074084615855
56,0.0034211851295151696
57,0.0034211851295151696
58,0.0034211851295151696
59,0.0034211851295151696
60,0.0034211851295151696
61,0.0034211851295151696
62,0.0034211851295151696
63,0.0034211851295151696
64,0.0034211851295151696
65,0.0034211851295151696
66,0.0034211851295151696
67,0.0034211851295151696
68,0.0034211851295151696
69,0.0034211851295151696
70,0.0034211851295151696
71,0.0034211851295151696
72,0.0034211851295151696
73,0.0034211851295151696
74,0.0034211851295151696
75,0.0034211851295151696
76,0.0034211851295151696
77,0.0034211851295151696
78,0.0034211851295151696
79,0.0034211851295151696
80,0.0034211851295151696
81,0.0034211851295151696
82,0.0034211851295151696
83,0.0034211851295151696
84,0.0034211851295151696
85,0.0034211851295151696
86,0.0034211851295151696
87,0.0034211851295151696
88,0.0034211851295151696
89,0.0034211851295151696
90,0.0034211851295151696
91,0.0034211851295151696
92,0.0034211851295151696
93,0.0034211851295151696
94,0.0034211851295151696
95,0.0034211851295151696
96,0.0034211851295151696
97,0.0034211851295151696
98,0.0034211851295151696
99,0.0034211851295151696
100,0.0019786239320223054
101,0.0019786239320223054
102,0.0019786239320223054
103,0.0019786239320223054
104,0.0019786239320223054
105,0.0019786239320223054
106,0.0019786239320223054
107,0.0019786239320223054
108,0.0019786239320223054
109,0.0019786239320223054
110,0.0019786239320223054
111,0.0019786239320223054
112,0.0019786239320223054
113,0.0019786239320223054
114,0.0019786239320223054
115,0.0019786239320223054
116,0.0019786239320223054
117,0.0019786239320223054
118,0.0019786239320223054
119,0.0019786239320223054
120,0.0019786239320223054
121,0.0019786239320223054
122,0.0019786239320223054
123,0.0019786239320223054
124,0.0019786239320223054
125,0.0019786239320223054
126,0.0019786239320223054
127,0.0019786239320223054
128,0.0019786239320223054
129,0.0019786239320223054
130,0.0019786239320223054
131,0.0019786239320223054
132,0.0019786239320223054
133,0.0019786239320223054
134,0.0019786239320223054
135,0.0019786239320223054
136,0.0019786239320223054
137,0.0019786239320223054
138,0.0019786239320223054
139,0.0019786239320223054
140,0.0019786239320223054
141,0.0019786239320223054
142,0.0019786239320223054
143,0.0019786239320223054
144,0.0019786239320223054
145,0.0019786239320223054
146,0.0019786239320223054
147,0.0019786239320223054
148,0.0019786239320223054
149,0.0019786239320223054
150,0.0019786239320223054
151,0.0019786239320223054
152,0.0019786239320223054
153,0.0019786239320223054
154,0.0019786239320223054
155,0.0019786239320223054
156,0.0019786239320223054
157,0.0019786239320223054
158,0.0019786239320223054
159,0.0019786239320223054
160,0.0019786239320223054
161,0.0019786239320223054
162,0.0019786239320223054
163,0.0019786239320223054
164,0.0019786239320223054
165,0.0019786239320223054
166,0.0019786239320223054
167,0.0019786239320223054
168,0.0019786239320223054
169,0.0019786239320223054
170,0.0019786239320223054
171,0.0019786239320223054
172,0.0019786239320223054
173,0.0019786239320223054
174,0.0019786239320223054
175,0.0019786239320223054
176,0.0019786239320223054
177,0.0019786239320223054
178,0.0019786239320223054
179,0.0019786239320223054
180,0.0019786239320223054
181,0.0019786239320223054
182,0.0019786239320223054
183,0.0019786239320223054
184,0.0019786239320223054
185,0.0019786239320223054
186,0.0019786239320223054
187,0.0019786239320223054
188,0.0019786239320223054
189,0.0019786239320223054
190,0.0019786239320223054
191,0.0019786239320223054
192,0.0019786239320223054
193,0.0019786239320223054
194,0.0019786239320223054
195,0.0019786239320223054
196,0.0019786239320223054
197,0.0019786239320223054
198,0.0019786239320223054
199,0.0019786239320223054
200,0.0019786239320223054
201,0.0019786239320223054
202,0.0019786239320223054
203,0.0019786239320223054
204,0.0019786239320223054
205,0.0019786239320223054
206,0.0019786239320223054
207,0.0019786239320223054
208,0.0019786239320223054
209,0.0019786239320223054
210,0.0019786239320223054
211,0.0019786239320223054
212,0.0019786239320223054
213,0.0019786239320223054
214,0.0019786239320223054
215,0.0019786239320223054
216,0.0019786239320223054
217,0.0019786239320223054
218,0.0019786239320223054
219,0.0019786239320223054
220,0.0019786239320223054
221,0.0019786239320223054
222,0.0019786239320223054
223,0.0019786239320223054
224,0.0019786239320223054
225,0.0019786239320223054
226,0.0019786239320223054
227,0.0019786239320223054
228,0.0019786239320223054
229,0.0019786239320223054
230,0.0019786239320223054
231,0.0019786239320223054
232,0.0019786239320223054
233,0.0019786239320223054
234,0.0019786239320223054
235,0.0019786239320223054
236,0.0019786239320223054
237,0.0019786239320223054
238,0.0019786239320223054
239,0.0019786239320223054
240,0.0019786239320223054
241,0.0019786239320223054
242,0.0019786239320223054
243,0.0019786239320223054
244,0.0019786239320223054
245,0.0019786239320223054
246,0.0019786239320223054
247,0.0019786239320223054
248,0.0019786239320223054
249,0.0019786239320223054
250,0.0019786239320223054
251,0.0019786239320223054
252,0.0019786239320223054
253,0.0019786239320223054
254,0.0019786239320223054
255,0.0019786239320223054
256,0.0019786239320223054
257,0.0019786239320223054
258,0.0019786239320223054
259,0.0019786239320223054
260,0.0019786239320223054
261,0.0019786239320223054
262,0.0019786239320223054
263,0.0019786239320223054
264,0.0019786239320223054
265,0.0019786239320223054
266,0.0019786239320223054
267,0.0019786239320223054
268,0.0019786239320223054
269,0.0019786239320223054
270,0.0019786239320223054
271,0.0019786239320223054
272,0.0019786239320223054
273,0.0019786239320223054
274,0.0019786239320223054
275,0.0019786239320223054
276,0.0019786239320223054
277,0.0019786239320223054
278,0.0019786239320223054
279,0.0019786239320223054
280,0.0019786239320223054
281,0.0019786239320223054
282,0.0019786239320223054
283,0.0019786239320223054
284,0.0019786239320223054
285,0.0019786239320223054
286,0.0019786239320223054
287,0.0019786239320223054
288,0.0019786239320223054
289,0.0019786239320223054
290,0.0019786239320223054
291,0.0019786239320223054
292,0.0019786239320223054
293,0.0019786239320223054
294,0.0019786239320223054
295,0.0019786239320223054
296,0.0019786239320223054
297,0.0019786239320223054
298,0.0019786239320223054
299,0.0019786239320223054
0,5.832664149557996
1,5.512750335856165
2,5.512750335856165
3,3.092743013443848
4,3.0389109136614683
5,3.013890957093516
6,3.013890957093516
7,3.013890957093516
8,1.690986442233918
9,1.476644340669282
10,1.091257499059577
11,1.091257499059577
12,1.091257499059577
13,1.091257499059577
14,0.7863679216520052
15,0.5524240137171721
16,0.5524240137171721
17,0.5524240137171721
18,0.5524240137171721
19,0.5524240137171721
20,0.4778049485398239
21,0.4778049485398239
22,0.37825520504471344
23,0.37825520504471344
24,0.37825520504471344
25,0.37825520504471344
26,0.37825520504471344
27,0.37825520504471344
28,0.08792766668605667
29,0.08740062735121201
30,0.08740062735121201
31,0.07694402722620497
32,0.07694402722620497
33,0.07694402722620497
34,0.07694402722620497
35,0.07694402722620497
36,0.07694402722620497
37,0.07694402722620497
38,0.07694402722620497
39,0.07694402722620497
40,0.07694402722620497
41,0.019375842791398146
42,0.019375842791398146
43,0.019375842791398146
44,0.006625082170927943
45,0.006625082170927943
46,0.0065549845044263755
47,0.0065549845044263755
48,0.0065549845044263755
49,0.0065549845044263755
50,0.0065549845044263755
51,0.004016287973101829
52,0.004016287973101829
53,0.004016287973101829
54,0.004016287973101829
55,0.004016287973101829
56,0.004016287973101829
57,0.004016287973101829
58,0.004016287973101829
59,0.004016287973101829
60,0.004016287973101829
61,0.004016287973101829
62,0.004016287973101829
63,0.0037751973018527174
64,0.0037751973018527174
65,0.0037751973018527174
66,0.0037751973018527174
67,0.0037751973018527174
68,0.0037751973018527174
69,0.0037751973018527174
70,0.0037751973018527174
71,0.0037751973018527174
72,0.0037751973018527174
73,0.0037751973018527174
74,0.0037751973018527174
75,0.0035847475854180466
76,0.0035847475854180466
77,0.0035847475854180466
78,0.0035847475854180466
79,0.0035847475854180466
80,0.0035847475854180466
81,0.0035847475854180466
82,0.0035847475854180466
83,0.0035847475854180466
84,0.0035847475854180466
85,0.0035847475854180466
86,0.0035847475854180466
87,0.0035847475854180466
88,0.0035847475854180466
89,0.0035847475854180466
90,0.0035847475854180466
91,0.0035847475854180466
92,0.0035847475854180466
93,0.0035847475854180466
94,0.0035847475854180466
95,0.0035847475854180466
96,0.0035847475854180466
97,0.0035847475854180466
98,0.0035847475854180466
99,0.0035847475854180466
100,0.0035847475854180466
101,0.0035847475854180466
102,0.0035847475854180466
103,0.0035847475854180466
104,0.0035847475854180466
105,0.0035847475854180466
106,0.0035847475854180466
107,0.0035847475854180466
108,0.0035847475854180466
109,0.0035847475854180466
110,0.0035847475854180466
111,0.0035847475854180466
112,0.0035847475854180466
113,0.0035847475854180466
114,0.0035847475854180466
115,0.0035847475854180466
116,0.0035847475854180466
117,0.0035847475854180466
118,0.0035847475854180466
119,0.0035847475854180466
120,0.0035847475854180466
121,0.0035847475854180466
122,0.0035847475854180466
123,0.0035847475854180466
124,0.0035847475854180466
125,0.0035847475854180466
126,0.0035847475854180466
127,0.0035847475854180466
128,0.0035847475854180466
129,0.0035847475854180466
130,0.0035847475854180466
131,0.0035847475854180466
132,0.0035847475854180466
133,0.0035847475854180466
134,0.0035847475854180466
135,0.0035847475854180466
136,0.0035847475854180466
137,0.0035847475854180466
138,0.0035847475854180466
139,0.0035847475854180466
140,0.0035847475854180466
141,0.0035847475854180466
142,0.0035847475854180466
143,0.0035847475854180466
144,0.0035847475854180466
145,0.0035847475854180466
146,0.0035847475854180466
147,0.0035847475854180466
148,0.0035847475854180466
149,0.0035847475854180466
150,0.0035847475854180466
151,0.0035847475854180466
152,0.0035847475854180466
153,0.0035847475854180466
154,0.0035847475854180466
155,0.0035847475854180466
156,0.0035847475854180466
157,0.0035847475854180466
158,0.0035847475854180466
159,0.0035847475854180466
160,0.0035847475854180466
161,0.0035847475854180466
162,0.0035847475854180466
163,0.0035847475854180466
164,0.0035847475854180466
165,0.0035847475854180466
166,0.0035847475854180466
167,0.0035847475854180466
168,0.0035847475854180466
169,0.0035847475854180466
170,0.0035847475854180466
171,0.0035847475854180466
172,0.0035847475854180466
173,0.0035847475854180466
174,0.0035847475854180466
175,0.0035847475854180466
176,0.0035847475854180466
177,0.0035847475854180466
178,0.0035847475854180466
179,0.0035847475854180466
180,0.0035847475854180466
181,0.0035847475854180466
182,0.0035847475854180466
183,0.0035847475854180466
184,0.0035847475854180466
185,0.0035847475854180466
186,0.0035847475854180466
187,0.0035847475854180466
188,0.0035847475854180466
189,0.0035847475854180466
190,0.0035847475854180466
191,0.0035847475854180466
192,0.0035847475854180466
193,0.0035847475854180466
194,0.0035847475854180466
195,0.0035847475854180466
196,0.0035847475854180466
197,0.0035847475854180466
198,0.0035847475854180466
199,0.0035847475854180466
200,0.0035847475854180466
201,0.0035847475854180466
202,0.0035847475854180466
203,0.0035847475854180466
204,0.0035847475854180466
205,0.0035847475854180466
206,0.0035847475854180466
207,0.0035847475854180466
208,0.0035847475854180466
209,0.0035847475854180466
210,0.0035847475854180466
211,0.0035847475854180466
212,0.0035847475854180466
213,0.0035847475854180466
214,0.0035847475854180466
215,0.0035847475854180466
216,0.0035847475854180466
217,0.0035847475854180466
218,0.0035847475854180466
219,0.0035847475854180466
220,0.0035847475854180466
221,0.0035847475854180466
222,0.0035847475854180466
223,0.0035847475854180466
224,0.0035847475854180466
225,0.0035847475854180466
226,0.0035847475854180466
227,0.0035847475854180466
228,0.0035847475854180466
229,0.0035847475854180466
230,0.0035847475854180466
231,0.0035847475854180466
232,0.0035847475854180466
233,0.0035847475854180466
234,0.0035847475854180466
235,0.0035847475854180466
236,0.0035847475854180466
237,0.0035847475854180466
238,0.0035847475854180466
239,0.0035847475854180466
240,0.0035847475854180466
241,0.0035847475854180466
242,0.0035847475854180466
243,0.0035847475854180466
244,0.0035847475854180466
245,0.0035847475854180466
246,0.0035847475854180466
247,0.0035847475854180466
248,0.0035847475854180466
249,0.0035847475854180466
250,0.0035847475854180466
251,0.0035847475854180466
252,0.0035847475854180466
253,0.0035847475854180466
254,0.0035847475854180466
255,0.0035847475854180466
256,0.0035847475854180466
257,0.0035847475854180466
258,0.0035847475854180466
259,0.0035847475854180466
260,0.0035847475854180466
261,0.0035847475854180466
262,0.0035847475854180466
263,0.0035847475854180466
264,0.0035847475854180466
265,0.0035847475854180466
266,0.0035847475854180466
267,0.0035847475854180466
268,0.0035847475854180466
269,0.0035847475854180466
270,0.0035847475854180466
271,0.0035847475854180466
272,0.0035847475854180466
273,0.0035847475854180466
274,0.0035847475854180466
275,0.0035847475854180466
276,0.0035847475854180466
277,0.0035847475854180466
278,0.0035847475854180466
279,0.0035847475854180466
280,0.0035847475854180466
281,0.0035847475854180466
282,0.0035847475854180466
283,0.0035847475854180466
284,0.0035847475854180466
285,0.0035847475854180466
286,0.0035847475854180466
287,0.0035847475854180466
288,0.0035847475854180466
289,0.0035847475854180466
290,0.0035847475854180466
291,0.0035847475854180466
292,0.0035847475854180466
293,0.0035847475854180466
294,0.0035847475854180466
295,0.0035847475854180466
296,0.0035847475854180466
297,0.0035847475854180466
298,0.0035847475854180466
299,0.0035847475854180466
0,3.6580658478815384
1,3.6580658478815384
2,3.6580658478815384
3,3.6580658478815384
4,3.6580658478815384
5,2.846028696478538
6,2.846028696478538
7,2.846028696478538
8,2.846028696478538
9,1.9689108651727953
10,1.9689108651727953
11,1.639048647750649
12,0.7548333040846917
13,0.5552824358481634
14,0.5552824358481634
15,0.5552824358481634
16,0.5552824358481634
17,0.5552824358481634
18,0.4958132901246626
19,0.4958132901246626
20,0.4958132901246626
21,0.41066489883483515
22,0.13165735609392515
23,0.11600797271483332
24,0.11600797271483332
25,0.11600797271483332
26,0.11600797271483332
27,0.11600797271483332
28,0.11600797271483332
29,0.1104775219522165
30,0.1104775219522165
31,0.046494122083470035
32,0.046494122083470035
33,0.046494122083470035
34,0.046494122083470035
35,0.046494122083470035
36,0.046494122083470035
37,0.03805766024780555
38,0.03805766024780555
39,0.03805766024780555
40,0.03805766024780555
41,0.03805766024780555
42,0.03805766024780555
43,0.03805766024780555
44,0.03805766024780555
45,0.03805766024780555
46,0.03805766024780555
47,0.03805766024780555
48,0.03805766024780555
49,0.03805766024780555
50,0.03805766024780555
51,0.03805766024780555
52,0.03805766024780555
53,0.03805766024780555
54,0.03805766024780555
55,0.03805766024780555
56,0.02179953615991126
57,0.02179953615991126
58,0.02179953615991126
59,0.02179953615991126
60,0.02179953615991126
61,0.02179953615991126
62,0.02179953615991126
63,0.02179953615991126
64,0.02179953615991126
65,0.018528112253264784
66,0.018528112253264784
67,0.018528112253264784
68,0.018528112253264784
69,0.018528112253264784
70,0.018528112253264784
71,0.01529298583245664
72,0.01529298583245664
73,0.00809111732960277
74,0.00809111732960277
75,0.00809111732960277
76,0.00809111732960277
77,0.00809111732960277
78,0.00809111732960277
79,0.00809111732960277
80,0.00809111732960277
81,0.00809111732960277
82,0.00809111732960277
83,0.00809111732960277
84,0.00809111732960277
85,0.00809111732960277
86,0.00809111732960277
87,0.00809111732960277
88,0.00809111732960277
89,0.003154862667703373
90,0.003154862667703373
91,0.003154862667703373
92,0.003154862667703373
93,0.003154862667703373
94,0.003154862667703373
95,0.003154862667703373
96,0.003154862667703373
97,0.003154862667703373
98,0.003154862667703373
99,0.003154862667703373
100,0.003154862667703373
101,0.003154862667703373
102,0.003154862667703373
103,0.003154862667703373
104,0.003154862667703373
105,0.003154862667703373
106,0.003154862667703373
107,0.003154862667703373
108,0.003154862667703373
109,0.003154862667703373
110,0.003154862667703373
111,0.003154862667703373
112,0.003154862667703373
113,0.003154862667703373
114,0.003154862667703373
115,0.003154862667703373
116,0.003154862667703373
117,0.003154862667703373
118,0.003154862667703373
119,0.003154862667703373
120,0.003154862667703373
121,0.003154862667703373
122,0.003154862667703373
123,0.003154862667703373
124,0.003154862667703373
125,0.003154862667703373
126,0.003154862667703373
127,0.003154862667703373
128,0.003154862667703373
129,0.003154862667703373
130,0.003154862667703373
131,0.003154862667703373
132,0.003154862667703373
133,0.003154862667703373
134,0.003154862667703373
135,0.003154862667703373
136,0.003154862667703373
137,0.003154862667703373
138,0.003154862667703373
139,0.003154862667703373
140,0.003154862667703373
141,0.003154862667703373
142,0.003154862667703373
143,0.003154862667703373
144,0.003154862667703373
145,0.003154862667703373
146,0.003154862667703373
147,0.003154862667703373
148,0.003154862667703373
149,0.003154862667703373
150,0.003154862667703373
151,0.003154862667703373
152,0.003154862667703373
153,0.003154862667703373
154,0.003154862667703373
155,0.003154862667703373
156,0.003154862667703373
157,0.003154862667703373
158,0.003154862667703373
159,0.003154862667703373
160,0.003154862667703373
161,0.003154862667703373
162,0.003154862667703373
163,0.003154862667703373
164,0.003154862667703373
165,0.003154862667703373
166,0.003154862667703373
167,0.003154862667703373
168,0.003154862667703373
169,0.003154862667703373
170,0.003154862667703373
171,0.003154862667703373
172,0.003154862667703373
173,0.003154862667703373
174,0.003154862667703373
175,0.003154862667703373
176,0.003154862667703373
177,0.003154862667703373
178,0.003154862667703373
179,0.003154862667703373
180,0.003154862667703373
181,0.003154862667703373
182,0.003154862667703373
183,0.003154862667703373
184,0.003154862667703373
185,0.003154862667703373
186,0.003154862667703373
187,0.003154862667703373
188,0.003154862667703373
189,0.003154862667703373
190,0.003154862667703373
191,0.003154862667703373
192,0.003154862667703373
193,0.003154862667703373
194,0.003154862667703373
195,0.003154862667703373
196,0.003154862667703373
197,0.003154862667703373
198,0.003154862667703373
199,0.003154862667703373
200,0.003154862667703373
201,0.003154862667703373
202,0.003154862667703373
203,0.003154862667703373
204,0.003154862667703373
205,0.003154862667703373
206,0.003154862667703373
207,0.003154862667703373
208,0.003154862667703373
209,0.003154862667703373
210,0.003154862667703373
211,0.003154862667703373
212,0.003154862667703373
213,0.003154862667703373
214,0.003154862667703373
215,0.003154862667703373
216,0.003154862667703373
217,0.003154862667703373
218,0.003154862667703373
219,0.003154862667703373
220,0.003154862667703373
221,0.003154862667703373
222,0.003154862667703373
223,0.003154862667703373
224,0.003154862667703373
225,0.003154862667703373
226,0.003154862667703373
227,0.003154862667703373
228,0.003154862667703373
229,0.003154862667703373
230,0.003154862667703373
231,0.003154862667703373
232,0.003154862667703373
233,0.003154862667703373
234,0.003154862667703373
235,0.003154862667703373
236,0.003154862667703373
237,0.003154862667703373
238,0.003154862667703373
239,0.003154862667703373
240,0.003154862667703373
241,0.003154862667703373
242,0.003154862667703373
243,0.003154862667703373
244,0.003154862667703373
245,0.003154862667703373
246,0.003154862667703373
247,0.003154862667703373
248,0.003154862667703373
249,0.003154862667703373
250,0.003154862667703373
251,0.003154862667703373
252,0.003154862667703373
253,0.003154862667703373
254,0.003154862667703373
255,0.003154862667703373
256,0.003154862667703373
257,0.003154862667703373
258,0.003154862667703373
259,0.003154862667703373
260,0.003154862667703373
261,0.003154862667703373
262,0.003154862667703373
263,0.003154862667703373
264,0.003154862667703373
265,0.003154862667703373
266,0.003154862667703373
267,0.003154862667703373
268,0.003154862667703373
269,0.003154862667703373
270,0.003154862667703373
271,0.003154862667703373
272,0.003154862667703373
273,0.003154862667703373
274,0.003154862667703373
275,0.003154862667703373
276,0.003154862667703373
277,0.003154862667703373
278,0.003154862667703373
279,0.003154862667703373
280,0.003154862667703373
281,0.003154862667703373
282,0.003154862667703373
283,0.003154862667703373
284,0.003154862667703373
285,0.003154862667703373
286,0.003154862667703373
287,0.003154862667703373
288,0.003154862667703373
289,0.003154862667703373
290,0.003154862667703373
291,0.003154862667703373
292,0.003154862667703373
293,0.003154862667703373
294,0.003154862667703373
295,0.003154862667703373
296,0.003154862667703373
297,0.003154862667703373
298,0.003154862667703373
299,0.003154862667703373
0,6.853690173016718
1,6.853690173016718
2,6.853690173016718
3,6.280027124022659
4,5.4530492947794045
5,4.387753191830932
6,4.387753191830932
7,4.302648174674051
8,4.302648174674051
9,4.296611221960617
10,4.296611221960617
11,3.241122950825574
12,3.241122950825574
13,1.9118916004691475
14,1.9118916004691475
15,1.7084749484389765
16,1.47927581975592
17,1.47927581975592
18,1.4476621303010337
19,0.15619004140274173
20,0.15619004140274173
21,0.15619004140274173
22,0.15619004140274173
23,0.15619004140274173
24,0.15619004140274173
25,0.15619004140274173
26,0.15619004140274173
27,0.15619004140274173
28,0.15619004140274173
29,0.15619004140274173
30,0.08178585304189712
31,0.08178585304189712
32,0.08178585304189712
33,0.08178585304189712
34,0.08178585304189712
35,0.08178585304189712
36,0.08178585304189712
37,0.08178585304189712
38,0.08178585304189712
39,0.08178585304189712
40,0.08178585304189712
41,0.08178585304189712
42,0.08178585304189712
43,0.07249812583581816
44,0.07249812583581816
45,0.07132371258576287
46,0.07132371258576287
47,0.07132371258576287
48,0.07132371258576287
49,0.07132371258576287
50,0.06957096809753027
51,0.06957096809753027
52,0.06899977918948652
53,0.06899977918948652
54,0.06899977918948652
55,0.06899977918948652
56,0.06086075132713065
57,0.06086075132713065
58,0.06086075132713065
59,0.048506940079765304
60,0.048506940079765304
61,0.048506940079765304
62,0.04548916366715661
63,0.03902157296689923
64,0.03902157296689923
65,0.03902157296689923
66,0.03902157296689923
67,0.03902157296689923
68,0.027659479835325573
69,0.009069511296438737
70,0.009069511296438737
71,0.009069511296438737
72,0.0036498606606731876
73,0.0036498606606731876
74,0.0036498606606731876
75,0.0036498606606731876
76,0.0036498606606731876
77,0.0036498606606731876
78,0.0036498606606731876
79,0.0036498606606731876
80,0.0036498606606731876
81,0.0036498606606731876
82,0.0036498606606731876
83,0.0036498606606731876
84,0.0036498606606731876
85,0.0036498606606731876
86,0.0036498606606731876
87,0.0036498606606731876
88,0.0036498606606731876
89,0.0036498606606731876
90,0.0036498606606731876
91,0.0036498606606731876
92,0.0036498606606731876
93,0.0036498606606731876
94,0.002070083499060349
95,0.002070083499060349
96,0.002070083499060349
97,0.002070083499060349
98,0.002070083499060349
99,0.002070083499060349
100,0.002070083499060349
101,0.002070083499060349
102,0.002070083499060349
103,0.002070083499060349
104,0.002070083499060349
105,0.002070083499060349
106,0.002070083499060349
107,0.002070083499060349
108,0.002070083499060349
109,0.002070083499060349
110,0.002070083499060349
111,0.002070083499060349
112,0.002070083499060349
113,0.002070083499060349
114,0.002070083499060349
115,0.002070083499060349
116,0.002070083499060349
117,0.002070083499060349
118,0.002070083499060349
119,0.002070083499060349
120,0.002070083499060349
121,0.002070083499060349
122,0.002070083499060349
123,0.002070083499060349
124,0.002070083499060349
125,0.002070083499060349
126,0.002070083499060349
127,0.002070083499060349
128,0.002070083499060349
129,0.002070083499060349
130,0.002070083499060349
131,0.002070083499060349
132,0.002070083499060349
133,0.002070083499060349
134,0.002070083499060349
135,0.002070083499060349
136,0.002070083499060349
137,0.002070083499060349
138,0.002070083499060349
139,0.002070083499060349
140,0.002070083499060349
141,0.002070083499060349
142,0.002070083499060349
143,0.002070083499060349
144,0.002070083499060349
145,0.002070083499060349
146,0.002070083499060349
147,0.002070083499060349
148,0.002070083499060349
149,0.002070083499060349
150,0.002070083499060349
151,0.002070083499060349
152,0.002070083499060349
153,0.002070083499060349
154,0.002070083499060349
155,0.002070083499060349
156,0.002070083499060349
157,0.002070083499060349
158,0.002070083499060349
159,0.002070083499060349
160,0.002070083499060349
161,0.002070083499060349
162,0.002070083499060349
163,0.002070083499060349
164,0.002070083499060349
165,0.002070083499060349
166,0.002070083499060349
167,0.002070083499060349
168,0.002070083499060349
169,0.002070083499060349
170,0.002070083499060349
171,0.002070083499060349
172,0.002070083499060349
173,0.002070083499060349
174,0.002070083499060349
175,0.002070083499060349
176,0.002070083499060349
177,0.002070083499060349
178,0.002070083499060349
179,0.002070083499060349
180,0.002070083499060349
181,0.002070083499060349
182,0.002070083499060349
183,0.002070083499060349
184,0.002070083499060349
185,0.002070083499060349
186,0.002070083499060349
187,0.002070083499060349
188,0.002070083499060349
189,0.002070083499060349
190,0.002070083499060349
191,0.002070083499060349
192,0.002070083499060349
193,0.002070083499060349
194,0.002070083499060349
195,0.002070083499060349
196,0.002070083499060349
197,0.002070083499060349
198,0.002070083499060349
199,0.002070083499060349
200,0.002070083499060349
201,0.002070083499060349
202,0.002070083499060349
203,0.002070083499060349
204,0.002070083499060349
205,0.002070083499060349
206,0.002070083499060349
207,0.002070083499060349
208,0.002070083499060349
209,0.002070083499060349
210,0.002070083499060349
211,0.002070083499060349
212,0.002070083499060349
213,0.002070083499060349
214,0.002070083499060349
215,0.002070083499060349
216,0.002070083499060349
217,0.002070083499060349
218,0.002070083499060349
219,0.002070083499060349
220,0.002070083499060349
221,0.002070083499060349
222,0.002070083499060349
223,0.002070083499060349
224,0.002070083499060349
225,0.002070083499060349
226,0.002070083499060349
227,0.002070083499060349
228,0.002070083499060349
229,0.002070083499060349
230,0.002070083499060349
231,0.002070083499060349
232,0.002070083499060349
233,0.002070083499060349
234,0.002070083499060349
235,0.002070083499060349
236,0.002070083499060349
237,0.002070083499060349
238,0.002070083499060349
239,0.002070083499060349
240,0.002070083499060349
241,0.002070083499060349
242,0.002070083499060349
243,0.002070083499060349
244,0.002070083499060349
245,0.002070083499060349
246,0.002070083499060349
247,0.002070083499060349
248,0.002070083499060349
249,0.002070083499060349
250,0.002070083499060349
251,0.002070083499060349
252,0.002070083499060349
253,0.002070083499060349
254,0.002070083499060349
255,0.002070083499060349
256,0.002070083499060349
257,0.002070083499060349
258,0.002070083499060349
259,0.002070083499060349
260,0.002070083499060349
261,0.002070083499060349
262,0.002070083499060349
263,0.002070083499060349
264,0.002070083499060349
265,0.002070083499060349
266,0.002070083499060349
267,0.002070083499060349
268,0.002070083499060349
269,0.002070083499060349
270,0.002070083499060349
271,0.002070083499060349
272,0.002070083499060349
273,0.002070083499060349
274,0.002070083499060349
275,0.002070083499060349
276,0.002070083499060349
277,0.002070083499060349
278,0.002070083499060349
279,0.002070083499060349
280,0.002070083499060349
281,0.002070083499060349
282,0.002070083499060349
283,0.002070083499060349
284,0.002070083499060349
285,0.002070083499060349
286,0.002070083499060349
287,0.002070083499060349
288,0.002070083499060349
289,0.002070083499060349
290,0.002070083499060349
291,0.002070083499060349
292,0.002070083499060349
293,0.002070083499060349
294,0.002070083499060349
295,0.002070083499060349
296,0.002070083499060349
297,0.002070083499060349
298,0.002070083499060349
299,0.002070083499060349
0,4.892588182998551
1,3.852273109848636
2,3.852273109848636
3,3.3698626745467988
4,3.313178352043448
5,3.2223574387555627
6,3.2223574387555627
7,3.1821095508618176
8,3.1821095508618176
9,3.1821095508618176
10,3.1821095508618176
11,1.1311431158639889
12,1.1311431158639889
13,0.5086019869535403
14,0.5086019869535403
15,0.5086019869535403
16,0.5086019869535403
17,0.5086019869535403
18,0.2008823079117268
19,0.1606162602979606
20,0.1606162602979606
21,0.1277600597287365
22,0.07093803215151384
23,0.07093803215151384
24,0.07003607923216792
25,0.01768507246661999
26,0.01768507246661999
27,0.010326194166573988
28,0.010326194166573988
29,0.010326194166573988
30,0.010326194166573988
31,0.010326194166573988
32,0.009683335265802118
33,0.00881936676883699
34,0.008678247790602445
35,0.008678247790602445
36,0.008678247790602445
37,0.008678247790602445
38,0.008678247790602445
39,0.008678247790602445
40,0.007710157251100913
41,0.007710157251100913
42,0.007710157251100913
43,0.007710157251100913
44,0.007710157251100913
45,0.007710157251100913
46,0.007710157251100913
47,0.007710157251100913
48,0.006910437418483628
49,0.006910437418483628
50,0.006910437418483628
51,0.006910437418483628
52,0.006910437418483628
53,0.006910437418483628
54,0.005900528916452874
55,0.005900528916452874
56,0.005900528916452874
57,0.005900528916452874
58,0.005900528916452874
59,0.005900528916452874
60,0.005900528916452874
61,0.005900528916452874
62,0.005900528916452874
63,0.005900528916452874
64,0.005900528916452874
65,0.005900528916452874
66,0.005900528916452874
67,0.005900528916452874
68,0.005900528916452874
69,0.005900528916452874
70,0.005900528916452874
71,0.005900528916452874
72,0.005900528916452874
73,0.005105970877700816
74,0.005105970877700816
75,0.005105970877700816
76,0.005105970877700816
77,0.005105970877700816
78,0.0021787042463370376
79,0.0021787042463370376
80,0.0021787042463370376
81,0.0021787042463370376
82,0.0021621922209615896
83,0.0021621922209615896
84,0.0021621922209615896
85,0.0021621922209615896
86,0.0021621922209615896
87,0.0021621922209615896
88,0.0021621922209615896
89,0.0021621922209615896
90,0.0021621922209615896
91,0.0021621922209615896
92,0.0021621922209615896
93,0.0021621922209615896
94,0.0021621922209615896
95,0.0021621922209615896
96,0.0021621922209615896
97,0.0021621922209615896
98,0.0007328919379543386
99,0.0007328919379543386
100,0.0007328919379543386
101,0.0007328919379543386
102,0.0007328919379543386
103,0.0007328919379543386
104,0.0007328919379543386
105,0.0007328919379543386
106,0.0007328919379543386
107,0.0007328919379543386
108,0.0007328919379543386
109,0.0007328919379543386
110,0.0007328919379543386
111,0.0007328919379543386
112,0.0007328919379543386
113,0.0007328919379543386
114,0.0007328919379543386
115,0.0007328919379543386
116,0.0007328919379543386
117,0.0007328919379543386
118,0.0007328919379543386
119,0.0007328919379543386
120,0.0007328919379543386
121,0.0007328919379543386
122,0.0007328919379543386
123,0.0007328919379543386
124,0.0007328919379543386
125,0.0007328919379543386
126,0.0007328919379543386
127,0.0007328919379543386
128,0.0007328919379543386
129,0.0007328919379543386
130,0.0007328919379543386
131,0.0007328919379543386
132,0.0007328919379543386
133,0.0007328919379543386
134,0.0007328919379543386
135,0.0007328919379543386
136,0.0007328919379543386
137,0.0007328919379543386
138,0.0007328919379543386
139,0.0007328919379543386
140,0.0007328919379543386
141,0.0007328919379543386
142,0.0007328919379543386
143,0.0007328919379543386
144,0.0007328919379543386
145,0.0007328919379543386
146,0.0007328919379543386
147,0.0007328919379543386
148,0.0007328919379543386
149,0.0007328919379543386
150,0.0007328919379543386
151,0.0007328919379543386
152,0.0007328919379543386
153,0.0007328919379543386
154,0.0007328919379543386
155,0.0007328919379543386
156,0.0007328919379543386
157,0.0007328919379543386
158,0.0007328919379543386
159,0.0007328919379543386
160,0.0007328919379543386
161,0.0007328919379543386
162,0.0007328919379543386
163,0.0007328919379543386
164,0.0007328919379543386
165,0.0007328919379543386
166,0.0007328919379543386
167,0.0007328919379543386
168,0.0007328919379543386
169,0.0007328919379543386
170,0.0007328919379543386
171,0.0007328919379543386
172,0.0007328919379543386
173,0.0007328919379543386
174,0.0007328919379543386
175,0.0007328919379543386
176,0.0007328919379543386
177,0.0007328919379543386
178,0.0007328919379543386
179,0.0007328919379543386
180,0.0007328919379543386
181,0.0007328919379543386
182,0.0007328919379543386
183,0.0007328919379543386
184,0.0007328919379543386
185,0.0007328919379543386
186,0.0007328919379543386
187,0.0007328919379543386
188,0.0007328919379543386
189,0.0007328919379543386
190,0.0007328919379543386
191,0.0007328919379543386
192,0.0007328919379543386
193,0.0007328919379543386
194,0.0007328919379543386
195,0.0007328919379543386
196,0.0007328919379543386
197,0.0007328919379543386
198,0.0007328919379543386
199,0.0007328919379543386
200,0.0007328919379543386
201,0.0007328919379543386
202,0.0007328919379543386
203,0.0007328919379543386
204,0.0007328919379543386
205,0.0007328919379543386
206,0.0007328919379543386
207,0.0007328919379543386
208,0.0007328919379543386
209,0.0007328919379543386
210,0.0007328919379543386
211,0.0007328919379543386
212,0.0007328919379543386
213,0.0007328919379543386
214,0.0007328919379543386
215,0.0007328919379543386
216,0.0007328919379543386
217,0.0007328919379543386
218,0.0007328919379543386
219,0.0007328919379543386
220,0.0007328919379543386
221,0.0007328919379543386
222,0.0007328919379543386
223,0.0007328919379543386
224,0.0007328919379543386
225,0.0007328919379543386
226,0.0007328919379543386
227,0.0007328919379543386
228,0.0007328919379543386
229,0.0007328919379543386
230,0.0007328919379543386
231,0.0007328919379543386
232,0.0007328919379543386
233,0.0007328919379543386
234,0.0007328919379543386
235,0.0007328919379543386
236,0.0007328919379543386
237,0.0007328919379543386
238,0.0007328919379543386
239,0.0007328919379543386
240,0.0007328919379543386
241,0.0007328919379543386
242,0.0007328919379543386
243,0.0007328919379543386
244,0.0007328919379543386
245,0.0007328919379543386
246,0.0007328919379543386
247,0.0007328919379543386
248,0.0007328919379543386
249,0.0007328919379543386
250,0.0007328919379543386
251,0.0007328919379543386
252,0.0007328919379543386
253,0.0007328919379543386
254,0.0007328919379543386
255,0.0007328919379543386
256,0.0007328919379543386
257,0.0007328919379543386
258,0.0007328919379543386
259,0.0007328919379543386
260,0.0007328919379543386
261,0.0007328919379543386
262,0.0007328919379543386
263,0.0007328919379543386
264,0.0007328919379543386
265,0.0007328919379543386
266,0.0007328919379543386
267,0.0007328919379543386
268,0.0007328919379543386
269,0.0007328919379543386
270,0.0007328919379543386
271,0.0007328919379543386
272,0.0007328919379543386
273,0.0007328919379543386
274,0.0007328919379543386
275,0.0007328919379543386
276,0.0007328919379543386
277,0.0007328919379543386
278,0.0007328919379543386
279,0.0007328919379543386
280,0.0007328919379543386
281,0.0007328919379543386
282,0.0007328919379543386
283,0.0007328919379543386
284,0.0007328919379543386
285,0.0007328919379543386
286,0.0007328919379543386
287,0.0007328919379543386
288,0.0007328919379543386
289,0.0007328919379543386
290,0.0007328919379543386
291,0.0007328919379543386
292,0.0007328919379543386
293,0.0007328919379543386
294,0.0007328919379543386
295,0.0007328919379543386
296,0.0007328919379543386
297,0.0007328919379543386
298,0.0007328919379543386
299,0.0007328919379543386
0,3.40096071831162
1,3.40096071831162
2,3.40096071831162
3,3.40096071831162
4,3.40096071831162
5,3.40096071831162
6,3.40096071831162
7,3.40096071831162
8,3.166506693902559
9,0.6137304232154865
10,0.6137304232154865
11,0.04506738057428139
12,0.04506738057428139
13,0.034148632350938346
14,0.034148632350938346
15,0.034148632350938346
16,0.033537289382892244
17,0.033537289382892244
18,0.031128222282277296
19,0.025361018718929262
20,0.020840164875512546
21,0.020840164875512546
22,0.0052612045947033614
23,0.0052612045947033614
24,0.0052612045947033614
25,0.0052612045947033614
26,0.0052612045947033614
27,0.0052612045947033614
28,0.0052612045947033614
29,0.0052612045947033614
30,0.0052612045947033614
31,0.0052612045947033614
32,0.0052612045947033614
33,0.0052612045947033614
34,0.0030769936033867573
35,0.0030769936033867573
36,0.0030769936033867573
37,0.0030769936033867573
38,0.0030769936033867573
39,0.0030769936033867573
40,0.0030769936033867573
41,0.0030769936033867573
42,0.0030769936033867573
43,0.0030769936033867573
44,0.0030769936033867573
45,0.0030769936033867573
46,0.0030769936033867573
47,0.0030769936033867573
48,0.002992403186923287
49,0.002992403186923287
50,0.002992403186923287
51,0.002992403186923287
52,0.002992403186923287
53,0.002992403186923287
54,0.002992403186923287
55,0.002992403186923287
56,0.002992403186923287
57,0.002992403186923287
58,0.002992403186923287
59,0.002992403186923287
60,0.002992403186923287
61,0.002992403186923287
62,0.002992403186923287
63,0.002992403186923287
64,0.002992403186923287
65,0.002992403186923287
66,0.002992403186923287
67,0.002992403186923287
68,0.0023138309464880713
69,0.0023138309464880713
70,0.0023138309464880713
71,0.0023138309464880713
72,0.0011844812329155907
73,0.0011844812329155907
74,0.0011844812329155907
75,0.0011844812329155907
76,0.0011844812329155907
77,0.0011844812329155907
78,0.0011844812329155907
79,0.0011844812329155907
80,0.0011844812329155907
81,0.0011844812329155907
82,0.0011844812329155907
83,0.0011844812329155907
84,0.0011844812329155907
85,0.0011844812329155907
86,0.0011844812329155907
87,0.0011844812329155907
88,0.0011844812329155907
89,0.0011844812329155907
90,0.0011844812329155907
91,0.0011844812329155907
92,0.0011844812329155907
93,0.0011844812329155907
94,0.0011844812329155907
95,0.0011844812329155907
96,0.0011844812329155907
97,0.0011844812329155907
98,0.0011844812329155907
99,0.0011844812329155907
100,0.0011844812329155907
101,0.0011844812329155907
102,0.0011844812329155907
103,0.0011844812329155907
104,0.0011844812329155907
105,0.0011844812329155907
106,0.0011844812329155907
107,0.0011844812329155907
108,0.0011844812329155907
109,0.0011844812329155907
110,0.0011844812329155907
111,0.0011844812329155907
112,0.0011844812329155907
113,0.0011844812329155907
114,0.0011844812329155907
115,0.0011844812329155907
116,0.0011844812329155907
117,0.0011844812329155907
118,0.0011844812329155907
119,0.0011844812329155907
120,0.0011844812329155907
121,0.0011844812329155907
122,0.0011844812329155907
123,0.0011844812329155907
124,0.0011844812329155907
125,0.0011844812329155907
126,0.0011844812329155907
127,0.0011844812329155907
128,0.0011844812329155907
129,0.0011844812329155907
130,0.0011844812329155907
131,0.0011844812329155907
132,0.0011844812329155907
133,0.0011844812329155907
134,0.0011844812329155907
135,0.0011844812329155907
136,0.0011844812329155907
137,0.0011844812329155907
138,0.0011844812329155907
139,0.0011844812329155907
140,0.0011844812329155907
141,0.0011844812329155907
142,0.0011844812329155907
143,0.0011844812329155907
144,0.0011844812329155907
145,0.0011844812329155907
146,0.0011844812329155907
147,0.0011844812329155907
148,0.0011844812329155907
149,0.0011844812329155907
150,0.0011844812329155907
151,0.0011844812329155907
152,0.0011844812329155907
153,0.0011844812329155907
154,0.0011844812329155907
155,0.0011844812329155907
156,0.0011844812329155907
157,0.0011844812329155907
158,0.0011844812329155907
159,0.0011844812329155907
160,0.0011844812329155907
161,0.0011844812329155907
162,0.0011844812329155907
163,0.0011844812329155907
164,0.0011844812329155907
165,0.0011844812329155907
166,0.0011844812329155907
167,0.0011844812329155907
168,0.0011844812329155907
169,0.0011844812329155907
170,0.0011844812329155907
171,0.0011844812329155907
172,0.0011844812329155907
173,0.0011844812329155907
174,0.0011844812329155907
175,0.0011844812329155907
176,0.0011844812329155907
177,0.0011844812329155907
178,0.0011844812329155907
179,0.0011844812329155907
180,0.0011844812329155907
181,0.0011844812329155907
182,0.0011844812329155907
183,0.0011844812329155907
184,0.0011844812329155907
185,0.0011844812329155907
186,0.0011844812329155907
187,0.0011844812329155907
188,0.0011844812329155907
189,0.0011844812329155907
190,0.0011844812329155907
191,0.0011844812329155907
192,0.0011844812329155907
193,0.0011844812329155907
194,0.0011844812329155907
195,0.0011844812329155907
196,0.0011844812329155907
197,0.0011844812329155907
198,0.0011844812329155907
199,0.0011844812329155907
200,0.0011844812329155907
201,0.0011844812329155907
202,0.0011844812329155907
203,0.0011844812329155907
204,0.0011844812329155907
205,0.0011844812329155907
206,0.0011844812329155907
207,0.0011844812329155907
208,0.0011844812329155907
209,0.0011844812329155907
210,0.0011844812329155907
211,0.0011844812329155907
212,0.0011844812329155907
213,0.0011844812329155907
214,0.0011844812329155907
215,0.0011844812329155907
216,0.0011844812329155907
217,0.0011844812329155907
218,0.0011844812329155907
219,0.0011844812329155907
220,0.0011844812329155907
221,0.0011844812329155907
222,0.0011844812329155907
223,0.0011844812329155907
224,0.0011844812329155907
225,0.0011844812329155907
226,0.0011844812329155907
227,0.0011844812329155907
228,0.0011844812329155907
229,0.0011844812329155907
230,0.0011844812329155907
231,0.0011844812329155907
232,0.0011844812329155907
233,0.0011844812329155907
234,0.0011844812329155907
235,0.0011844812329155907
236,0.0011844812329155907
237,0.0011844812329155907
238,0.0011844812329155907
239,0.0011844812329155907
240,0.0011844812329155907
241,0.0011844812329155907
242,0.0011844812329155907
243,0.0011844812329155907
244,0.0011844812329155907
245,0.0011844812329155907
246,0.0011844812329155907
247,0.0011844812329155907
248,0.0011844812329155907
249,0.0011844812329155907
250,0.0011844812329155907
251,0.0011844812329155907
252,0.0011844812329155907
253,0.0011844812329155907
254,0.0011844812329155907
255,0.0011844812329155907
256,0.0011844812329155907
257,0.0011844812329155907
258,0.0011844812329155907
259,0.0011844812329155907
260,0.0011844812329155907
261,0.0011844812329155907
262,0.0011844812329155907
263,0.0011844812329155907
264,0.0011844812329155907
265,0.0011844812329155907
266,0.0011844812329155907
267,0.0011844812329155907
268,0.0011844812329155907
269,0.0011844812329155907
270,0.0011844812329155907
271,0.0011844812329155907
272,0.0011844812329155907
273,0.0011844812329155907
274,0.0011844812329155907
275,0.0011844812329155907
276,0.0011844812329155907
277,0.0011844812329155907
278,0.0011844812329155907
279,0.0011844812329155907
280,0.0011844812329155907
281,0.0011844812329155907
282,0.0011844812329155907
283,0.0011844812329155907
284,0.0011844812329155907
285,0.0011844812329155907
286,0.0011844812329155907
287,0.0011844812329155907
288,0.0011844812329155907
289,0.0011844812329155907
290,0.0011844812329155907
291,0.0011844812329155907
292,0.0011844812329155907
293,0.0011844812329155907
294,0.0011844812329155907
295,0.0011844812329155907
296,0.0011844812329155907
297,0.0011844812329155907
298,0.0011844812329155907
299,0.0011844812329155907
