Epoch,deviation
1,3.366264642513089
2,3.7014051522461333
3,4.269113102500062
4,4.713180256503415
5,4.936831332955079
6,5.128937687951949
7,5.296866053258711
8,5.365192917524412
9,5.519898504616521
10,5.5542419570257175
11,5.744441720969632
12,5.854313517470467
13,5.869177853793711
14,6.151376981868365
15,6.047933410930705
16,6.110264812404519
17,5.998520112738275
18,6.076867525008489
19,6.118584838030115
20,6.07201135431117
21,6.022306654855603
22,6.132349155796656
23,6.096737447952124
24,6.096649570132123
25,6.043238458879278
26,5.991499414723453
27,5.9489705160770345
28,6.106311325615973
29,6.056436616682338
30,6.038743668064419
31,6.053045913153647
32,6.122452925062157
33,6.392288615583668
34,6.369622241158604
35,6.208657424471729
36,6.236186800249778
37,6.2287345273659485
38,6.199104240973775
39,6.212272243604622
40,6.30844357057482
41,6.398729583862096
42,6.3157664420119115
43,6.310795216964753
44,6.519164115442112
45,6.3677177780457725
46,6.254782250971842
47,6.246390519011184
48,6.001123053748409
49,5.9604303268596945
50,6.106481388188564
51,6.193630006107758
52,6.160156010141128
53,6.126185896638103
54,6.137984273432754
55,6.244105170926588
56,6.200833462175392
57,6.146527599060973
58,6.145322931591329
59,6.179070989140502
60,5.951030986421989
61,5.92739123694551
62,5.83481000643551
63,5.63549593425202
64,5.512817253354695
65,5.605990875812777
66,5.4944895910294225
67,5.471880088161994
68,5.490877688539098
69,5.376014538756635
70,5.460452506903925
71,5.437166454066744
72,5.533101800793189
73,5.6208202550916875
74,5.7683094188218025
75,5.709539094183359
76,5.791573284497738
77,5.823462176162905
78,5.581156868854811
79,5.488827152316191
80,5.485788297067848
81,5.424970533191068
82,5.282480390539584
83,5.15028793783735
84,5.120297620470135
85,4.89740150104319
86,4.939869300676439
87,5.047748285102373
88,4.98839923359518
89,4.833458784026994
90,4.8063237971719355
91,4.819121443134579
92,4.722997615437551
93,4.720379253355818
94,4.668770584047247
95,4.536448961266437
96,4.638636073842015
97,4.7291072715703315
98,4.6121684488277825
99,4.629367017083653
100,4.56028018203821
101,4.45043380246981
102,4.604522516427739
103,4.674961134537675
104,4.538481826483373
105,4.541483288808873
106,4.545953911546134
107,4.5671434565667255
108,4.530242278442986
109,4.408204183289864
110,4.677010541034922
111,4.6623228842246585
112,4.584316058669539
113,4.631918717304015
114,4.585693264837021
115,4.570170049842089
116,4.634390813445831
117,4.492266808472579
118,4.400482451978631
119,4.507231877548688
120,4.4046609000475865
121,4.34883934220924
122,4.379440782161565
123,4.250488068381196
124,4.213421928910409
125,4.189576982306319
126,4.1744198688392515
127,3.9988544880937162
128,4.021902683684709
129,4.061411085687174
130,4.262887117622819
131,4.4483100484088
132,4.478411608993649
133,4.406346394941071
134,4.33128899495313
135,4.319205913752826
136,4.276590573955672
137,4.135793521841364
138,4.136136439599666
139,3.8638737406580126
140,3.963795424573078
141,3.8124626101624908
142,3.628060761812315
143,3.727778017652925
144,3.5655193896142987
145,3.4816680438248144
146,3.5263439888649506
147,3.5582903845431955
148,3.4496883399597444
149,3.4641074573721156
150,3.58098232493061
151,3.6033005223618426
152,3.667443365102884
153,3.631325901617232
154,3.748238018208051
155,3.809597697863669
156,3.747124174255085
157,3.624480002574444
158,3.6789576686775405
159,3.474399711357114
160,3.6081205038605115
161,3.596518341914557
162,3.747728012356071
163,3.50963555821039
164,3.7600273632407375
165,3.7178146144978412
166,3.7475925646630985
167,3.6340720150367254
168,3.7642625205674545
169,3.679088686561809
170,3.6776327936731508
171,3.4760760894219547
172,3.288449007886978
173,3.452475957222933
174,3.7184250190901493
175,3.8640511926936982
176,3.756368796756759
177,3.638359116456543
178,3.651043111955324
179,3.480439963965374
180,3.62124314123958
181,3.633047839162264
182,3.5603298444427334
183,3.56455118047024
184,3.4215027906601727
185,3.65684969351063
186,3.5117863145062054
187,3.50749504215952
188,3.5217592949996224
189,3.5206760449164527
190,3.618242619921109
191,3.369963580002431
192,3.5893348038279744
193,3.5536759554094544
194,3.3707739280471696
195,3.3566258764124357
196,3.258936339480071
197,3.4134433353328286
198,3.6648610769510843
199,3.396579085524422
200,3.363555538416184
201,3.4415892053760087
202,3.4538000491493808
203,3.3935111876405175
204,3.6229936863612404
205,3.6669758916664073
206,3.7681126395303712
207,3.538957010427784
208,3.3442107854387153
209,3.5274895085532147
210,3.3975470158631165
211,3.4123135869065844
212,3.441869353568055
213,3.3926640701800426
214,3.344421361852903
215,3.3542488458175677
216,3.3230493337798888
217,3.171711589574272
218,3.412296639562556
219,3.5688746846723616
220,3.2430639281855904
221,3.3412512586223198
222,3.4501032013511685
223,3.552995083692704
224,3.199709288715166
225,3.4365690410170737
226,3.2695680837168406
227,3.1292609422139983
228,3.295780331428133
229,3.196315096487045
230,3.3060454114190887
231,3.3679561928711026
232,3.4287971447687426
233,3.3771429023737687
234,3.454923414192349
235,3.503298085081807
236,3.5137267784968658
237,3.6492784927692954
238,3.3916332949152768
239,3.416086715044841
240,3.6043928905596223
241,3.6155385586052855
242,3.5043589730634257
243,3.529707316568246
244,3.4544257205601165
245,3.3311463210705434
246,3.3467045583150536
247,3.4021725715229114
248,3.4650564695752184
249,3.3252020795620787
250,3.402226363068069
251,3.182691885725152
252,3.180883605033126
253,3.172620462825668
254,3.158605421916059
255,3.103138335531711
256,3.1836747797024847
257,3.092856305290665
258,3.2363293764813283
259,3.0565385236572293
260,2.9705874765218723
261,3.1358331699467246
262,3.1301751031894653
263,3.351395118925257
264,3.091177872971753
265,3.206603890383099
266,3.1332487932368216
267,3.0939177690391584
268,3.2180020656030464
269,2.954331874930769
270,3.1201675418152064
271,3.128994457936283
272,3.1896780417556765
273,3.1140221573226023
274,3.246693082520949
275,3.1880299259871174
276,3.352995179415928
277,3.246386927732688
278,3.1577802089006166
279,3.2063241319935294
280,3.3048291066080777
281,3.0662751017126215
282,3.1196519486899974
283,3.1255042273267413
284,3.2824749965026485
285,3.0256005501437064
286,2.9858369841514656
287,3.168878976053722
288,3.2015542145994864
289,3.238129891496919
290,3.1269872244475976
291,3.1258889382640813
292,3.1359277430069206
293,3.274847626401249
294,3.079176406377395
295,3.115076706616978
296,3.1728644885300903
297,3.357249856053052
298,3.1980570480172203
299,3.3930482922254113
0,3.150868711012238
1,3.7914967361167498
2,4.301508723208711
3,4.767830288840375
4,5.065317647253867
5,5.631706534051024
6,6.201845506118881
7,6.228016026779492
8,6.309773614173817
9,6.503118269787692
10,6.575635872783121
11,6.631250513026859
12,6.529040123166908
13,6.527862893379513
14,6.668815109060632
15,6.696437931819936
16,6.953766593698611
17,6.843211927651514
18,7.0311243434233575
19,6.949276659719341
20,7.014542007577649
21,7.167536621645466
22,7.192864920741373
23,7.23834702959551
24,7.243991888931182
25,7.025597813508459
26,6.913462616560821
27,6.92872602663376
28,6.880559125931659
29,6.722474301341496
30,6.850695668009005
31,7.024057802249769
32,6.975722903114907
33,6.93015764122701
34,6.713248398003192
35,6.8479624670749955
36,6.90706753158742
37,7.0844121197041
38,7.036404218350082
39,7.1485208194142
40,7.122855216516086
41,7.082675074077275
42,6.9044657168111305
43,6.9073052278141915
44,6.9873240948279225
45,6.994600114625498
46,6.947968878070276
47,6.963776237955787
48,6.98230517681911
49,6.918736081676734
50,7.007889478907304
51,6.997794456940343
52,6.944541128040907
53,6.998018799404951
54,7.030223802957725
55,6.7309753639435685
56,6.719257689637864
57,6.834316509722209
58,6.583988065120694
59,6.566708714225137
60,6.455597303226059
61,6.308938477531434
62,6.325536294826661
63,6.2966124389061084
64,6.298409216477466
65,6.250158715669507
66,6.2912629253900345
67,6.219415565917561
68,6.227272557297213
69,5.988218505015418
70,5.955209508324035
71,5.97283478290077
72,6.087111585467912
73,6.054104515952481
74,6.03938583021013
75,6.081311153789943
76,5.778481501054416
77,5.809155999372267
78,5.7412976241906195
79,5.723916918413208
80,5.631634453140411
81,5.725202455941322
82,5.689158464386928
83,5.559905691225978
84,5.58882022352648
85,5.545221122210142
86,5.53008760887788
87,5.233220915939043
88,4.9793165430113415
89,5.017427440746007
90,4.899274751158465
91,4.781765617484041
92,5.047573421652615
93,4.783548245195859
94,4.824541349165537
95,4.756060817911146
96,4.724305950969921
97,4.900223312874734
98,4.741870493280766
99,4.696049250144775
100,4.776716928291507
101,4.846407104289498
102,4.794657976697827
103,4.775643951597071
104,4.76739984269696
105,4.74347953324516
106,4.643380837212065
107,4.722193293270441
108,4.522356081288822
109,4.471392340859159
110,4.563961168946336
111,4.520394849105306
112,4.373045246404254
113,4.431743773607956
114,4.309908696082668
115,4.245414373333534
116,4.238704865074153
117,4.314865391877657
118,4.270803030722673
119,4.2061719118831595
120,4.257797536858952
121,4.1753647559992055
122,4.154877532079853
123,4.232687854624015
124,4.184192727351473
125,3.9774562734853576
126,4.2076021732835525
127,3.910664687253046
128,3.8939245031445164
129,4.040793477336581
130,4.161498238101778
131,3.9533301595344597
132,4.034410741881617
133,4.146739472758894
134,4.002967752284378
135,4.127926829843181
136,4.166951774789967
137,4.01165958432064
138,4.107484099312293
139,4.085554164611049
140,4.062921281003352
141,4.316424301401201
142,4.228077897721655
143,4.261642924711045
144,4.312160132334281
145,4.22666360197159
146,4.235233099641333
147,4.093458266643114
148,4.223832381752883
149,4.190321780520156
150,3.990587616113362
151,3.975025505148379
152,3.814629605291137
153,3.8914513680445544
154,3.8856588194689152
155,3.9043106547070425
156,3.829969900314418
157,3.898136822071628
158,4.017036728078616
159,3.7881832255081456
160,3.916617084317823
161,4.047727310144278
162,4.083516926856399
163,4.131174102465933
164,4.12078417658399
165,4.220590182108941
166,4.030866089599805
167,3.961984279515673
168,4.009594343043198
169,3.9675346017666846
170,3.930181186691248
171,3.913367428506324
172,4.1983918730257095
173,4.104856661521131
174,4.170520360611137
175,4.158066069604214
176,4.214344839211696
177,4.138644430372628
178,4.204006938675942
179,4.13939327495774
180,3.9982604377856985
181,4.06655109928236
182,3.949467592265828
183,4.1300860803317185
184,4.08466144405859
185,3.917682661047388
186,3.8359819119347747
187,3.8168821184087878
188,3.9069757342394205
189,3.834404934748959
190,3.844487953301074
191,3.733745044833129
192,3.799562234953145
193,3.812370119728089
194,3.843848491199861
195,3.8814917463865193
196,3.8901286771864334
197,3.815284906406317
198,3.8007442974632193
199,3.803877685731254
200,3.729496389480375
201,3.82591209026365
202,3.9534354207610716
203,3.8127628332483385
204,4.017442527032807
205,4.086949476347441
206,3.7546881968607098
207,3.9104980500500854
208,3.9007893492130847
209,3.9592631757412984
210,4.0455265558950515
211,4.040271168996544
212,3.9553163009299372
213,3.950442738771642
214,4.088109188698802
215,3.8021037373105795
216,3.804352722727397
217,3.6635814856253766
218,3.711871811438811
219,3.6733361521549486
220,3.5876121233701084
221,3.722680129000108
222,3.755813760395513
223,3.712661271433473
224,3.8319389297908617
225,3.5600648719113224
226,3.5038851799886075
227,3.582210998774149
228,3.5252459482078065
229,3.458462920688028
230,3.336251678087984
231,3.376271925491139
232,3.295886522410809
233,3.364732969959069
234,3.3402747920956783
235,3.1906975955430563
236,3.3462594908004695
237,3.2467605667688018
238,3.289358421094834
239,3.204354873508386
240,3.2891936887347186
241,3.1951169093401304
242,3.3568367018731196
243,3.278579276428734
244,3.3257375528315847
245,3.3584547896125008
246,3.3530910432254197
247,3.256625745821001
248,3.1950244723139756
249,3.2244481304426986
250,3.1905317199903904
251,3.185272764086451
252,3.051787013151019
253,3.313642447909983
254,3.080551498449227
255,3.090194267220048
256,3.1003667130520456
257,3.0236231965712386
258,3.1147933599874786
259,3.121275377635781
260,3.027283514503267
261,3.2044632452640593
262,3.070177226338043
263,3.02717759021062
264,3.009796697058901
265,3.0410827563562752
266,3.043410537170214
267,3.2398700011728314
268,3.0355447923992767
269,3.060080141386979
270,2.9803717095740874
271,3.005490501441284
272,3.0377926291217103
273,3.0180908335765273
274,3.084090073586858
275,3.0943218024237376
276,3.236178516835243
277,3.397293555073198
278,3.16674817021517
279,2.9571217287657343
280,2.979792264121655
281,2.937793723312803
282,2.8063421416865197
283,2.792979245149935
284,2.957316890220288
285,2.814853314532847
286,2.7977013617585875
287,2.6578144884199943
288,2.8860561711497583
289,2.741065783726089
290,2.824411724786671
291,2.996248548222577
292,2.9752510611149434
293,2.861446465284113
294,2.853205134026645
295,2.8796502275861147
296,2.927828985491274
297,2.8574817469387357
298,3.0258421307922374
299,2.759436187316658
0,3.051910119627261
1,3.2921821283371138
2,3.503141056023818
3,3.9960377350703524
4,4.326220016940628
5,4.843916318442058
6,4.771880907730396
7,4.921686562356575
8,5.246511462141476
9,5.187203235195823
10,5.113372761827503
11,5.161650646550624
12,5.251274070554226
13,5.691679101710794
14,5.927700610410588
15,6.049043754227193
16,6.10659350687316
17,6.0786576901727045
18,6.3885709886174205
19,6.329681990184796
20,6.242809805480424
21,6.298881551040625
22,6.384946078052812
23,6.42686013933157
24,6.453195560523607
25,6.519033720935026
26,6.444493391001515
27,6.548729716146643
28,6.610822755678803
29,6.6365903431442845
30,6.577007852213772
31,6.591139874148495
32,6.474653491724767
33,6.298711504058126
34,6.400829298010262
35,6.395650250445549
36,6.348524377195361
37,6.227070720559072
38,6.29414287932547
39,6.233468736683322
40,6.220033784140724
41,6.260137677421926
42,6.2867809819405345
43,6.222870211812277
44,6.122799173051985
45,6.059261352508542
46,5.975939310730396
47,6.126279983200094
48,6.05225277797599
49,5.908419534074716
50,5.850291016119243
51,5.743763012578343
52,5.865612525320358
53,5.823873627596152
54,5.756217114714649
55,5.76760649089089
56,5.769167036916873
57,5.641833820405328
58,5.614355886552775
59,5.677132255510617
60,5.707468972337623
61,5.491632923872701
62,5.609714432690724
63,5.649387579046137
64,5.620376893287166
65,5.533233224503999
66,5.456398435031416
67,5.54841219800567
68,5.729032434246631
69,5.564889585612765
70,5.625778202876006
71,5.693719340052624
72,5.69068664657959
73,5.677645476837363
74,5.6038716022572865
75,5.631636096198867
76,5.490020464344286
77,5.376796236809479
78,5.2784965253848
79,5.237825511653966
80,5.257959791007074
81,5.260906262792235
82,5.147638657272382
83,5.134031444703796
84,4.987623685043934
85,4.942631259550482
86,5.0073390201076435
87,5.018376879730269
88,4.935648289658864
89,5.0508608940086805
90,4.972601286195165
91,4.811247811608496
92,4.59110847751978
93,4.450208826817922
94,4.577861109069245
95,4.598389590548937
96,4.400211408749308
97,4.2651980915641925
98,4.187858374566736
99,4.306555499880305
100,4.2279147238359585
101,4.2094405659660605
102,4.227206868239555
103,4.074859377961884
104,4.166760120744393
105,4.143044998910277
106,4.1559823803063205
107,4.268849872960178
108,4.03349846874393
109,4.061585470934234
110,4.119623402214878
111,4.125874410384326
112,4.264076408630546
113,4.1421223710538735
114,4.005766366462412
115,4.120409677469366
116,4.033126340840251
117,3.9068165418382996
118,3.93335760772498
119,3.8479369844789995
120,3.875334180244777
121,4.06487447062815
122,3.9267716825656325
123,3.768647931368123
124,3.8195347437682874
125,3.824741683732128
126,3.763336560898543
127,3.8442660404089115
128,3.9003482158281897
129,4.034623664332804
130,3.8695179857879527
131,3.9088757826354663
132,3.8338390188157305
133,3.764365139345697
134,3.7868510357259746
135,3.893320564115127
136,3.8433448296249058
137,3.9644410850294958
138,3.722918256034849
139,3.7398328512999734
140,3.795672456445554
141,3.477286124198951
142,3.5419090436327547
143,3.5906112956235776
144,3.6227671899421234
145,3.4715910669837355
146,3.5509849965596363
147,3.545120206102828
148,3.6131173317473717
149,3.701204955867156
150,3.8285859875388986
151,3.774832335156399
152,3.8241075576084977
153,3.700888629898624
154,3.603602241155346
155,3.7868506448581494
156,3.4060078064627617
157,3.4269364531665834
158,3.539661274875692
159,3.399148930157112
160,3.507123539769744
161,3.4963249669766125
162,3.4783146542992425
163,3.6081247208596183
164,3.7105901032429647
165,3.785135041106116
166,3.9606619096816846
167,3.8433416119278783
168,3.7834779905649465
169,3.765735348422284
170,3.8800151266638583
171,3.7895653240424827
172,3.648409879812489
173,3.75912043984399
174,3.776182068616476
175,3.560974852845069
176,3.7606488763409174
177,3.566360593534532
178,3.5174455719707947
179,3.512170435710831
180,3.6841251647545827
181,3.527140054155377
182,3.640895004379636
183,3.5625198411346672
184,3.52810077790892
185,3.564681204102697
186,3.487239633942556
187,3.537150424961451
188,3.687506343622387
189,3.527856710815626
190,3.473242353718278
191,3.484762313215688
192,3.50229063462808
193,3.5836910060367115
194,3.7466701291085225
195,3.519346963905636
196,3.434183414053953
197,3.5214796638405907
198,3.4177339077218423
199,3.3863434955272838
200,3.364458189081425
201,3.495158012859091
202,3.1811196943775135
203,3.2480936436922665
204,3.392919468294157
205,3.2884693235124813
206,3.4415108643202945
207,3.57571492218066
208,3.24555383625281
209,3.1954112254824802
210,3.3992451694574597
211,3.074689516590845
212,3.216981017266125
213,3.3199825170349477
214,3.091291490565095
215,3.181751707318345
216,3.32268768929408
217,3.230910597023872
218,2.9588463356202843
219,2.998141982442984
220,2.969356655156297
221,3.2198868749704643
222,2.9882454524649766
223,3.004575682747475
224,3.291467909503609
225,3.2195027039253277
226,2.8865457028208077
227,2.8496088625920653
228,2.820845968434657
229,2.6576282711729737
230,2.636374579963791
231,2.698660181313969
232,2.714127652777662
233,2.8626630111826805
234,2.6346472666908682
235,2.9389932744353846
236,2.7021774481774643
237,2.9239269025363686
238,2.8619361605098477
239,2.674346464132327
240,2.969622790146243
241,2.6878927207578656
242,2.9490509590212755
243,2.8236883365424443
244,2.801732483003509
245,2.7468520349489
246,2.9174260069109264
247,2.7255752171780743
248,2.9562309388616863
249,2.8125624509432794
250,2.7509868566212727
251,3.011611334218454
252,2.8922088545155296
253,3.1112621735946355
254,2.8620858647214824
255,3.1342458156228377
256,2.8744972721269693
257,3.0612043933415234
258,2.8953158649745503
259,2.8449794642444424
260,2.7464876805080554
261,2.954376752984474
262,2.8511401895974533
263,3.0222437665256208
264,2.880185788139181
265,2.7583581731215085
266,2.792966334025332
267,2.8367327669466373
268,2.7789378721922753
269,2.8384825309573505
270,2.7336246150058625
271,2.6914935397602835
272,2.9618938977018403
273,2.6233503640547364
274,2.6711968920107654
275,2.6988935609543847
276,2.5823179000593965
277,2.69579331431077
278,2.5944994370664842
279,2.6799175736300316
280,2.818931981103181
281,2.823499010767
282,2.8154760561634395
283,2.8690653275391704
284,2.692830530752786
285,2.938782320007366
286,2.7577338820868067
287,2.816421363126026
288,3.0494871754898156
289,2.7805302042463746
290,2.788938046763003
291,2.829357260702483
292,2.7743767888277833
293,2.7943958852579995
294,2.921715070320812
295,2.76569594304262
296,2.9779126659616044
297,2.7153216362508235
298,2.873088373934173
299,2.8464316945076096
0,2.7666586548471828
1,3.311455074077931
2,3.5467297440086742
3,4.292090385302013
4,4.395525938249568
5,4.505094087216353
6,4.786828853499123
7,4.918254420622955
8,5.52949374140873
9,5.66737475808265
10,5.471569381557986
11,5.6128605696824945
12,5.690825725472181
13,5.922814294733641
14,6.09015149129948
15,6.034487211789817
16,6.065088445482738
17,6.209943934168108
18,6.385759246150611
19,6.537134094548512
20,6.532760933671693
21,6.592973943112488
22,6.582872179173168
23,6.587760434522186
24,6.453549236193493
25,6.613642835624461
26,6.881923749647305
27,6.6182141276463655
28,6.671700839441003
29,6.615086781716715
30,6.613759023157993
31,6.676980449694843
32,6.802863840446298
33,6.964365623639137
34,6.839938381529184
35,6.680522985378254
36,6.835874906955276
37,6.7558809977230165
38,6.9904074040430455
39,6.944123511553792
40,6.982552966770108
41,7.062296954100205
42,7.204966163512999
43,7.1137022420474
44,7.10290301928207
45,7.105890003320374
46,7.198782588817191
47,7.245561240174584
48,7.2582928538247575
49,7.041705054018642
50,7.078354797146113
51,7.006923038971003
52,6.847819260141321
53,6.910672757079928
54,6.720221283986656
55,6.591422770286213
56,6.650182241960411
57,6.5005802004109565
58,6.565241538292085
59,6.448503904564854
60,6.351187045473385
61,6.367663447068269
62,6.35968857691347
63,6.347643070000703
64,6.429709199889551
65,6.387335774095172
66,6.333036561702328
67,6.409867172286272
68,6.405280994793145
69,6.36429264689476
70,6.332947462909041
71,6.2983858963084325
72,6.271116874601698
73,6.232989220164811
74,6.3127543986886625
75,6.273818802980874
76,6.084463128068849
77,6.150896563249304
78,6.130764649970074
79,6.034898851078573
80,6.018468995415956
81,6.12030927880947
82,5.965425415419153
83,5.991664497012117
84,5.796887789636163
85,5.776867363484662
86,5.823034675719292
87,5.79995133469429
88,5.797810202083016
89,5.6698140607719445
90,5.584753616482713
91,5.622877022430591
92,5.511393520482769
93,5.456382969622291
94,5.442290880341915
95,5.362596400346906
96,5.4702231669605546
97,5.536140285290136
98,5.4099459391400675
99,5.4178604078144295
100,5.288915470663111
101,5.317260293815445
102,5.451165955319891
103,5.42832416036307
104,5.329107353584013
105,5.287139897888605
106,5.366808900464171
107,5.262863035146177
108,5.350449555708908
109,5.2531233377994315
110,5.17369598059051
111,5.269311349092007
112,5.031728727823193
113,5.0827825923017755
114,5.003370024505467
115,4.907579594348599
116,4.955878747399764
117,4.865960825315064
118,4.850122911028435
119,4.8693613154408375
120,4.987253087411514
121,4.906215681259559
122,4.89895904616905
123,4.940216871525328
124,4.900709995455075
125,4.861473836627073
126,4.886619078921778
127,4.820648375577437
128,4.696180596638014
129,4.837493766079275
130,4.694472597336801
131,4.499057665250639
132,4.625521708476262
133,4.47872034182796
134,4.506396306705374
135,4.423635021607291
136,4.456675155592213
137,4.291969988785239
138,4.332167816477609
139,4.401833442640993
140,4.318224126982652
141,4.276016851268091
142,4.323151923213837
143,4.199529114004542
144,4.288015394897961
145,4.345589215862085
146,4.311773326175268
147,4.263082488222734
148,4.009478434790815
149,4.180255321751444
150,4.074866698727133
151,4.022322092498378
152,4.057548124419451
153,3.961426910078835
154,4.041496035063986
155,4.066459921832564
156,3.9574329474211507
157,3.9301112177868687
158,3.74890215667484
159,3.8825957873797003
160,3.809805145155214
161,3.7390633952141052
162,3.6390839823760124
163,3.6127676166050517
164,3.53499099599132
165,3.6229678076162464
166,3.6129096043217985
167,3.704536660472666
168,3.8388460041240613
169,3.5957868479539883
170,3.508757588185209
171,3.5651979429068517
172,3.679283405096494
173,3.6582847098026505
174,3.6856909569311673
175,3.6758169510008223
176,3.583797062679522
177,3.744712988472289
178,3.64691872997152
179,3.637212372147605
180,3.7406677819365033
181,3.532477128561776
182,3.6191113922733535
183,3.6215645814280775
184,3.6759758780600453
185,3.5524566031271605
186,3.5015409931914045
187,3.4397093295224788
188,3.404787228451965
189,3.4589813562775356
190,3.5117272237733226
191,3.4641536418409067
192,3.5475823065004866
193,3.45682110157898
194,3.6248749556221047
195,3.4005415579948757
196,3.4118206980003913
197,3.321561919430542
198,3.42364442562835
199,3.3990138432493606
200,3.567736857185889
201,3.313166778378933
202,3.364672912901019
203,3.310654877435862
204,3.4679040213790544
205,3.3183026679839576
206,3.301976554743912
207,3.4145589364041595
208,3.167553384901015
209,3.214466278896236
210,3.1489361990737947
211,3.1076312391146623
212,3.0752194855002557
213,3.1713508356999065
214,3.054806668752781
215,3.1841677260189005
216,3.0148122752861948
217,3.018921613646625
218,3.026092533982361
219,3.1033805009565576
220,2.990146267552452
221,2.8834143813642035
222,2.994750824947342
223,3.0247178856889243
224,2.9307252821172125
225,2.9548506159597347
226,3.1434017750378884
227,3.06369803002077
228,3.076540729178482
229,3.100221434984001
230,3.301888579993181
231,3.06610683443401
232,2.9244497801280143
233,2.9268009897526066
234,2.7380621069980013
235,2.7543627590373285
236,2.7962419065795956
237,2.7455894808628725
238,2.8281581379515623
239,2.8362186747109797
240,2.894780741117296
241,3.1479266081000756
242,2.9396601996837073
243,3.016680121684325
244,3.1076504393597753
245,2.837165695734244
246,2.7603183348498233
247,2.7419685079478167
248,2.734052475602748
249,2.629701734854168
250,2.825797098790787
251,2.512643159257426
252,2.619671041811002
253,2.6771836710957393
254,2.9340310797713807
255,2.617501586399045
256,2.724332161570837
257,2.7321692862149005
258,2.7999813259864337
259,2.9269290836438207
260,3.072741761810619
261,2.8076293888774284
262,2.6430514923117965
263,2.710508403578274
264,2.7734953709797234
265,3.006063374568894
266,2.710887748126008
267,2.920044368068155
268,2.791615046055123
269,2.9678279518235704
270,2.994245036203905
271,2.9189769792228826
272,3.018749811311172
273,3.0962833322890657
274,2.943158472252597
275,2.9010637580914285
276,3.1095298953265753
277,2.9652888653550185
278,3.23700277806642
279,3.112692722730304
280,3.2604539376791806
281,3.2047989813172033
282,3.1840572556358215
283,3.159774262624514
284,3.1463264972288876
285,3.2257710078009283
286,3.1675898590310387
287,3.247299532109118
288,3.0606688724663824
289,3.1943015455194987
290,3.0570582708492613
291,3.0705948679003527
292,3.0184777016178823
293,2.9971127504495003
294,3.1278226771043394
295,3.0439403145061
296,3.0680413604668217
297,3.08870648685566
298,3.0244011634689216
299,3.127641441975828
0,2.502422434037776
1,2.8107091259348387
2,3.251857950784067
3,3.6069723391493373
4,4.251346302689786
5,4.711194656865883
6,5.005617662116075
7,5.068778612558077
8,5.127237559286971
9,5.366781217784636
10,5.363147973801256
11,5.686705263070402
12,5.7598749448335385
13,5.614104601325677
14,5.656529417922359
15,5.8268178391912855
16,6.220404674210155
17,6.4197776226450225
18,6.467119242413011
19,6.499293551533252
20,6.7038591074711
21,6.834297287710696
22,6.938107010479731
23,6.859285518901635
24,6.980564256909804
25,6.8095642132640775
26,6.588661848830013
27,6.46795072485789
28,6.465065067252062
29,6.431005127382922
30,6.58488558925546
31,6.58776880195048
32,6.571425123426615
33,6.410084974106353
34,6.462682887935942
35,6.218516578485812
36,5.894469866413612
37,5.987725349587396
38,5.999807703330542
39,5.973823622927459
40,6.061379786855981
41,6.062859573160103
42,6.133590795080319
43,6.142911636957324
44,6.220412479688627
45,6.307662913569117
46,5.913979687019147
47,5.783723665999002
48,5.77746221833609
49,5.801056790758464
50,6.0354527211017865
51,5.878041281993025
52,6.117486833945119
53,6.166648599476363
54,6.122227537316001
55,6.0001450585395
56,5.900139502111202
57,5.761292018199121
58,5.72216667667611
59,5.664162191348649
60,5.755488692485315
61,5.914774209570435
62,5.922915671318678
63,5.771868795373425
64,5.8081971589505095
65,5.655077129396645
66,5.787006691518656
67,5.856390421013148
68,5.781133826565672
69,5.767328365710678
70,5.750776408411509
71,5.809675351413787
72,5.622418441928095
73,5.570537296591136
74,5.667934100141836
75,5.718466508739527
76,5.760949521349531
77,5.660851815263482
78,5.568790248103843
79,5.546921994348254
80,5.410076086824347
81,5.432507404843344
82,5.306033208855631
83,5.3554988714691385
84,5.381729601708017
85,5.355877851765344
86,5.181801281646564
87,5.242119635117087
88,5.286376765930288
89,5.279236339803843
90,5.44958350043996
91,5.433549292655439
92,5.453609874739038
93,5.451887473889584
94,5.484515761477489
95,5.30970232004093
96,5.227032356891842
97,5.364756954770911
98,5.317194363532377
99,5.228135713912052
100,5.31527508975863
101,5.279658067699727
102,5.325123971976518
103,5.310829420119879
104,5.370453906284064
105,5.383382526757227
106,5.285155974742839
107,5.128772875005913
108,5.130521656832876
109,5.055243224353659
110,4.875548420930915
111,4.8670839707073
112,4.695172377542217
113,4.565574813447113
114,4.59179193751922
115,4.56417632638621
116,4.464541726472687
117,4.295940778497512
118,4.271182927498316
119,4.248092341119182
120,4.135334280600734
121,4.106905497281077
122,4.0645974849266295
123,4.015405800830704
124,4.188292088945588
125,4.0669698687434055
126,4.015570608605934
127,4.238128251154968
128,4.120316969061061
129,3.9603259686876826
130,3.907308801824237
131,3.979564830056644
132,4.064374219654104
133,4.016137585683233
134,4.02476347057434
135,3.9797700365836857
136,4.025654678673125
137,3.978548294985451
138,3.929640382998562
139,3.974887691724731
140,3.9219094853951013
141,4.013556030560256
142,4.184709421744493
143,4.203602211358456
144,4.185470345145637
145,4.252381361070433
146,4.279826297461455
147,4.388316760438062
148,4.217144495846829
149,4.202255553763853
150,4.1555569709841675
151,4.075200888792947
152,3.884943785039137
153,3.7969164942128666
154,3.789710266460822
155,4.023591263601184
156,3.956524347062399
157,3.8353676185336383
158,3.831552839633471
159,4.1126924508269544
160,3.8311300246778415
161,3.8069679747659904
162,3.910875192254148
163,3.9927384568728876
164,4.0474216361910065
165,3.9869602157491815
166,4.051433874631353
167,4.005607027949771
168,4.046601624483216
169,4.158316404709544
170,4.032131586670136
171,3.938824042569651
172,3.9224123822698482
173,4.066566654977617
174,3.9618956673718215
175,3.8865962175690396
176,3.874546704628271
177,3.931706025924506
178,3.8592467750942503
179,3.9859818358385573
180,4.013355390285947
181,3.9154855895896246
182,4.012540416712614
183,3.9006478974099625
184,3.9631097774097834
185,3.9074541472481212
186,3.75605878373231
187,3.9646975582022588
188,3.681775586602874
189,3.657633173794384
190,3.594355945669008
191,3.5095982001122397
192,3.428972964259767
193,3.5365124535973624
194,3.6746107894586997
195,3.531946348840336
196,3.549119336252955
197,3.5337924236774065
198,3.5819231582196633
199,3.660489143800658
200,3.6188476866265495
201,3.5574288267247365
202,3.3817311140966386
203,3.360701113959437
204,3.580966121411488
205,3.3677152942134665
206,3.489944628709317
207,3.4486566802939467
208,3.332768291410307
209,3.2782406129279007
210,3.2351223295363742
211,3.178558809028173
212,3.4598024185201757
213,3.35812069100853
214,3.4303483136986994
215,3.385804218968122
216,3.459482411832318
217,3.372475137165294
218,3.5813638897815028
219,3.724217822113336
220,3.538522182680554
221,3.4923616207381474
222,3.433169334921626
223,3.4088306183098966
224,3.4430474582159345
225,3.3974427310547295
226,3.577607267399662
227,3.5789672051054
228,3.5401324088115524
229,3.4478550155258763
230,3.6402710196183814
231,3.60500565957123
232,3.4413255608141964
233,3.6063763935776585
234,3.354791621907783
235,3.3807394287070895
236,3.471865781299118
237,3.5482900752045023
238,3.225359972270151
239,3.328450834373676
240,3.4220666304644705
241,3.2244141935140664
242,3.3731377200898196
243,3.322322171674801
244,3.179022951627351
245,3.3834427280635127
246,3.1827768020821607
247,2.975045225473372
248,3.0025429661334675
249,2.966338689186925
250,2.8999625042077968
251,2.9157612772331096
252,2.8530148271226023
253,2.7887293778835867
254,2.822572506504341
255,2.8700195143122675
256,2.8843946155152476
257,2.8229386047233787
258,2.8761765179883336
259,2.812314994581665
260,2.790171204906641
261,2.850934659511042
262,3.1110630558614063
263,2.865649741365232
264,2.7735956092650778
265,2.753291366115221
266,2.955531434525841
267,2.872365596895029
268,2.8201816744235626
269,2.8390178383520754
270,2.7374431175405034
271,2.7348136132224767
272,2.9428025570543594
273,2.9230025952658765
274,2.8977536803629658
275,2.8411482654055242
276,2.95153800457645
277,2.810319217676282
278,2.890264881671186
279,2.9051608602825714
280,2.8778480672257056
281,2.8270076278754126
282,3.03926244062774
283,3.108942547414071
284,2.8635819445298543
285,2.8913278284708106
286,2.966302926560821
287,2.971200229780092
288,3.0290114332534874
289,2.9267664520061474
290,2.9597215778322585
291,2.975732640828629
292,3.0248141285341017
293,3.1842888235058253
294,2.9850368502539104
295,2.9332078049034176
296,2.994245489622232
297,2.8968174599433336
298,2.8688066942998596
299,2.7382298876229707
0,3.658051920239432
1,4.089509598165936
2,4.03806330626165
3,4.3464949112509
4,4.699827537488707
5,5.089615521035516
6,5.225368992816725
7,5.389885803631014
8,5.227544655883819
9,5.309747970554378
10,5.137466833661178
11,5.131177331304801
12,5.751430947545462
13,5.731598275468052
14,5.795096526459404
15,5.71083757234332
16,5.936993943187077
17,5.770240851525548
18,5.813783977608073
19,5.849682344974932
20,6.220346791217783
21,6.094621279849338
22,6.4626954457765
23,6.609345097427966
24,6.624972153599444
25,6.424247548782931
26,6.197837357422637
27,6.059007086135456
28,6.22840635026264
29,6.163137896660441
30,6.233622897068937
31,6.268023756953505
32,6.23090592073473
33,6.345844179319002
34,6.137489505699597
35,6.467237446583429
36,6.247151358866002
37,6.287959476526806
38,6.215339471687314
39,6.293357922321457
40,6.1943896910489284
41,6.383208562864779
42,6.323100328561974
43,6.467498227140011
44,6.438599230478276
45,6.430590451347284
46,6.461890816560525
47,6.479850772385885
48,6.597225006875391
49,6.514457264799961
50,6.316788754371815
51,6.313780737819348
52,6.33215603855897
53,6.378992935009934
54,6.352002749210113
55,6.502634546080496
56,6.4465954263172565
57,6.37385522321744
58,6.199359460949332
59,6.0328236498680115
60,6.021996160573124
61,6.0589226465175345
62,6.036546252975277
63,6.1026993590597245
64,6.084017246666708
65,6.078765402099454
66,6.025921989290907
67,6.009290073989553
68,6.0444643792133395
69,6.077149019061674
70,5.917245613047602
71,5.9736838217448724
72,6.022787494400244
73,5.933141453093646
74,5.767560391936418
75,5.691502565772169
76,5.630930289320236
77,5.427632999232165
78,5.423369724967184
79,5.247642523064911
80,5.203546636076025
81,5.186777199622136
82,5.207248470726003
83,5.23597909422742
84,5.23464792035239
85,5.1535513861145
86,5.040782306540498
87,5.098260250142708
88,4.996287051513981
89,4.974227085472002
90,4.952756591154786
91,4.846408405907756
92,4.8201871308368505
93,4.885440713726412
94,4.831863496047901
95,4.645297537031
96,4.557609541279597
97,4.556531137027792
98,4.589462270852546
99,4.540752169828772
100,4.515711796785272
101,4.55186879245089
102,4.632215682999935
103,4.625513521407806
104,4.36355250021695
105,4.407421228858037
106,4.490451326279564
107,4.427199533259984
108,4.413999484668063
109,4.389247189075409
110,4.392588445762669
111,4.505154232905705
112,4.586954512102348
113,4.581129446856441
114,4.69287296051224
115,4.545067132453049
116,4.39037032713176
117,4.440389272097344
118,4.405211276868048
119,4.435129406736479
120,4.507435326889922
121,4.423374370032799
122,4.4488418646508485
123,4.338136483226268
124,4.493719936245633
125,4.435265139623501
126,4.454134761354755
127,4.4658827968739665
128,4.693978052305168
129,4.721980935378562
130,4.823752241335127
131,4.5433835141425565
132,4.525449609629279
133,4.489809309749983
134,4.661252368223513
135,4.6999599567562145
136,4.572394560815372
137,4.465685911582825
138,4.509894369032204
139,4.458442925051655
140,4.605676147432768
141,4.391069893347059
142,4.384571709862184
143,4.277766163907794
144,4.075786399750906
145,4.145437915527622
146,4.141044743798182
147,3.9921588900399247
148,4.141417783576855
149,4.01506203666758
150,4.095214936416226
151,4.0725021308728895
152,4.051714945802955
153,4.083182598323185
154,4.193778013237745
155,4.322390585224438
156,4.131461693725437
157,4.141740892336824
158,4.134316397755208
159,4.163626214247952
160,4.3353135318775164
161,4.273076485492884
162,4.152749710393174
163,4.132687514898252
164,4.050441443656835
165,3.890737461004966
166,3.883959188710671
167,3.808667019808475
168,3.782314774207804
169,3.8663542274272213
170,3.6573195796691977
171,3.602103954262238
172,3.7014157140782435
173,3.5947046856716702
174,3.4983154061537647
175,3.6514973601717955
176,3.583215839423785
177,3.5111912280253375
178,3.6679216597915167
179,3.3467111571975248
180,3.4777186697640916
181,3.5393322221957355
182,3.683547777641582
183,3.4450438521931037
184,3.5993325278445742
185,3.5193810043565716
186,3.6623349684187625
187,3.4703971334208696
188,3.443527863021333
189,3.3500144486307653
190,3.5468042609900543
191,3.2332362619728547
192,3.4662415992626907
193,3.5090064663859906
194,3.411489930145586
195,3.317803408310564
196,3.3072517106410717
197,3.2664387803592154
198,3.2069405668290774
199,3.22348162421437
200,3.132621896623823
201,3.246016411744536
202,3.1106083526027692
203,3.401818431501492
204,3.1542533040983
205,3.2575873138881244
206,3.1205437876109428
207,3.1453348241115506
208,3.117051787214841
209,3.0449753376096034
210,3.0401950739592727
211,3.0344284585363654
212,2.995050468841844
213,2.9659152303049066
214,2.9867435973099137
215,3.0836198174550677
216,3.1813540090793375
217,3.037863403778159
218,3.189356664883859
219,2.9793163704330548
220,3.1342712480742465
221,3.027116044490266
222,2.9387207590618654
223,3.0539387340519926
224,3.040445668371319
225,3.2157693068311013
226,3.063446826936203
227,3.0357287110995
228,2.9331167780866774
229,2.8822201051614402
230,2.82653753368322
231,3.046030884904689
232,2.986384130269046
233,2.8676484457962204
234,2.9011962911356406
235,2.8798453411098013
236,2.9305192916989444
237,2.9591524026859672
238,3.127760274487079
239,2.963065372329186
240,2.978301758384987
241,2.972008881054966
242,2.903894961429461
243,3.222834143697307
244,2.9395135266486117
245,3.031642727014589
246,2.9088520583773105
247,2.9895641125741577
248,2.906839036923693
249,2.9737154645969035
250,2.883288712402419
251,3.134230589351111
252,2.9894641497751135
253,2.9542352483668255
254,3.1169715937393923
255,3.0885385564143886
256,2.993949650756769
257,3.0086015987846975
258,3.065852134645547
259,3.23895467452285
260,3.0380022669664237
261,2.8369813729370583
262,3.1368380270977836
263,3.3032148221163897
264,2.924527488343862
265,2.89097468902072
266,2.8436501489454704
267,2.794982423631994
268,2.9888523121125616
269,2.7348160174006586
270,2.712688815630018
271,2.7702727671227283
272,2.9019245840374657
273,2.800040628207994
274,2.7452027525317613
275,2.8343868840693762
276,3.0448848192713505
277,2.867921862066265
278,2.932557333556831
279,3.037766947277858
280,3.0282747893781683
281,3.037183855522983
282,3.121788092082589
283,3.2019253836832053
284,2.961291119488026
285,2.9176494192572777
286,3.0735445688410863
287,2.815842335379847
288,2.780975608534409
289,2.7717370686287515
290,2.927533384312863
291,2.9925963270968756
292,2.9953286379034756
293,3.0045662235358463
294,3.064631292793085
295,3.0441990238864984
296,3.11347758234717
297,3.3085264647644936
298,3.292444255083931
299,3.2041005683611288
0,3.964486707576016
1,4.69745761769596
2,4.890316218718564
3,4.983639040811477
4,5.416254723240578
5,5.4196197047564265
6,5.255142000332412
7,5.214686091567086
8,5.20183289827509
9,5.381294890938151
10,5.656963165318463
11,5.989250419248877
12,6.121983934957577
13,6.263873019176726
14,6.168622771882324
15,6.035745430686725
16,6.0770721710910305
17,6.089180105779879
18,6.1519375298312164
19,6.101808860912705
20,5.949010709111381
21,5.791263165723755
22,5.906450438489731
23,5.933595085593328
24,6.0465155970182325
25,6.061584888044451
26,6.3509024380481005
27,6.033888187910427
28,6.1789065662804985
29,6.521323220394222
30,6.216990346760299
31,6.234750621803299
32,5.851680296338388
33,6.073268316237888
34,5.794340142682614
35,5.849106394947135
36,5.798185547341789
37,5.901005153587995
38,5.912158957599546
39,6.146044632813169
40,6.013575893527718
41,6.061291941982963
42,6.137535437773788
43,6.252910082465683
44,5.925930697690724
45,5.947443798691487
46,5.946941003347237
47,5.854662650068402
48,5.916672883485809
49,6.075950233931552
50,6.103424567690335
51,5.952787333318297
52,5.924766709676621
53,5.828361899548743
54,5.965346273572307
55,5.984602117035904
56,5.934615892431113
57,5.92141059003459
58,5.965733917210952
59,5.785163944524999
60,5.762299605494968
61,5.911827047819495
62,5.7412543252434345
63,5.808801233841391
64,5.765208915375725
65,5.6219099465757125
66,5.578838215490743
67,5.608897089286519
68,5.655435832155309
69,5.708583859478178
70,5.680428643433288
71,5.63085638364155
72,5.5910430970626885
73,5.424065140443041
74,5.449095880289109
75,5.482011717874303
76,5.575853648627242
77,5.5590281074758074
78,5.542300811027772
79,5.303298302650354
80,5.500463586973795
81,5.533974005947454
82,5.496360234174208
83,5.509587352817172
84,5.534670984116364
85,5.559375558530621
86,5.503347002370671
87,5.497889433196304
88,5.387641700239755
89,5.472330325755874
90,5.510826841556198
91,5.33891781012457
92,5.27789319071926
93,5.191603874460579
94,5.239613607920381
95,5.087061869113243
96,5.100960052367821
97,5.0839879777002555
98,4.933393780635648
99,5.102053742117595
100,4.962291966846294
101,4.939528957094827
102,5.149248081455312
103,4.871689399037885
104,4.7861216041162535
105,4.773552771620965
106,4.79289545258139
107,4.808095903408727
108,4.74238852563529
109,4.7160646543491795
110,4.709548678158172
111,4.721810237066889
112,4.7415736818386955
113,4.8283155539541225
114,4.943495520058885
115,4.940929648937336
116,4.832419544783231
117,4.876825158647541
118,4.866411639795313
119,4.907941298966896
120,4.7727988621160256
121,4.605412781739927
122,4.5697431027488875
123,4.365984867017709
124,4.433840522963931
125,4.4207661378241685
126,4.447931965988305
127,4.450237212932912
128,4.3952320074935605
129,4.368121896688518
130,4.464913629735452
131,4.477357318926392
132,4.43905668378286
133,4.488903661926078
134,4.496931252204499
135,4.344181639421556
136,4.239870988609756
137,4.463634885289526
138,4.223051652930122
139,4.115635348939401
140,3.997540561811402
141,3.8842917339405854
142,3.999770354317283
143,3.8639116949796737
144,3.885447361262137
145,3.966228704366594
146,3.860634068854131
147,3.9440519111141246
148,3.7070724410500624
149,3.761981030655232
150,3.6967280696984277
151,3.836315788356541
152,3.922004125805344
153,4.067390841720397
154,3.9852222266395394
155,3.842285466053365
156,4.013920452077478
157,3.8774411742252535
158,4.019712254402657
159,3.894586469577702
160,3.812075981696818
161,3.806359366493188
162,3.7657286788471773
163,3.875548204857542
164,3.766290278723144
165,3.883531760614172
166,3.7221320603549177
167,3.609686249122422
168,3.6845209499485962
169,3.6790283081062136
170,3.6649690129138714
171,3.6409095192767866
172,3.440462306109638
173,3.460135128211817
174,3.4824147797228755
175,3.3329636724400293
176,3.376789364842999
177,3.5480249006174853
178,3.4358596643833397
179,3.4385720035202967
180,3.51306652656862
181,3.414116413626827
182,3.501230965593849
183,3.4577603232057648
184,3.3966583196280205
185,3.3829694663228533
186,3.3739731639481616
187,3.4592260343863948
188,3.5021273969442723
189,3.4471428877792283
190,3.4193794200327035
191,3.4292190185136877
192,3.3858937520819774
193,3.527899997013239
194,3.424498846675698
195,3.593091676118261
196,3.4257333129184575
197,3.28547679918263
198,3.2956878174945268
199,3.3710376534287554
200,3.1995586329284533
201,3.098841070537619
202,3.3523585536911176
203,3.144060331419509
204,3.1716897822161356
205,3.071317537675371
206,3.135218981592671
207,2.983978227739825
208,3.062571207111752
209,2.9928611603051887
210,3.0563457515704426
211,2.933169241015188
212,3.0607053887336506
213,3.012362872876567
214,2.77347262520282
215,2.8920260710411667
216,2.904852478688985
217,2.8508890323073652
218,2.9742666225140972
219,3.149329118197462
220,2.9704463679384583
221,2.9159597457886006
222,2.834665030235956
223,2.9101559082406685
224,2.847961728086651
225,2.9241647206419334
226,2.956895039911095
227,2.953322329400436
228,3.006504099082603
229,3.0980185491564862
230,3.10314223234422
231,2.9961735551601345
232,2.9156200541851462
233,3.1317432824837157
234,3.0346289155759125
235,2.935022758268969
236,2.865089021852371
237,3.1129433249176395
238,2.9674675245771174
239,3.174325280069471
240,2.9510108949705525
241,2.9260807065745897
242,2.796344629688522
243,2.790787279242738
244,2.7818814094295266
245,2.9701746757616228
246,2.9877559557527618
247,3.001101859120096
248,3.0411777231573263
249,2.9805436527109785
250,2.981147286878253
251,3.139686070460028
252,3.016119225491426
253,3.165489342915594
254,3.0226637692821074
255,2.9827291333005923
256,2.900191169524555
257,2.8939365276649545
258,3.065736015755741
259,2.7875307500454594
260,2.837347501291618
261,2.9312338242750777
262,2.862472868697395
263,2.8653454228348507
264,2.9931954383836707
265,3.2231428730002247
266,3.2443859957547074
267,3.0368950558032046
268,2.8536825358304805
269,2.817946685315659
270,3.036850113874888
271,2.862394872483491
272,2.9106848940088765
273,2.9629548937959576
274,2.9128667819470433
275,3.1001223567465575
276,2.8983604343686076
277,3.0747797434041964
278,2.8243491800608878
279,2.8348633796780915
280,2.8471198618448215
281,3.1159372467278
282,2.869044039304381
283,2.7325425494101943
284,2.9636744704134768
285,2.7402784087861516
286,2.810614713111624
287,2.790519766710217
288,2.881802187935957
289,2.836581568735389
290,2.8609152193984206
291,2.8150864737218915
292,3.047206867325107
293,2.7776946225378643
294,2.820116685362869
295,2.7767850845981368
296,2.796592489812099
297,2.7420578610130852
298,2.826902003310906
299,2.941102114934216
0,2.690029552074046
1,3.3249381691739788
2,3.689379614019781
3,3.9773715508307816
4,4.129890035108602
5,4.366699214582449
6,4.447820416129893
7,4.414041516605727
8,4.675256723067579
9,5.0357649848871455
10,5.216983235935807
11,5.042239989073062
12,4.865073931028435
13,4.878589725297891
14,4.734882067231338
15,5.1545073050227135
16,5.442180634854488
17,5.356970706866881
18,5.57942514177471
19,5.957805829224312
20,5.975048166699197
21,6.4233061470496775
22,6.142382540677683
23,5.9968705127016735
24,6.251749226429383
25,6.0711495682444845
26,6.085125762178363
27,6.303286399457294
28,6.19526926987861
29,6.148687919877536
30,6.157612239465626
31,6.16678294750102
32,6.395823828052571
33,6.379642700194029
34,6.143623189440921
35,6.167236336860885
36,6.1587282175992275
37,6.283792773424089
38,6.334167676894619
39,6.139387263227579
40,6.138460472419234
41,6.191387836703149
42,6.324137755589191
43,6.338768191837802
44,6.220586855753619
45,6.200658607630889
46,6.320453779781689
47,6.181575003099246
48,6.207556638317509
49,6.160790631339168
50,6.2003434660496
51,6.347722032364986
52,6.435502378094547
53,6.2178013553152605
54,6.16145429834535
55,6.196758429637618
56,6.192289126845883
57,6.069371783612621
58,6.169576228634608
59,6.16657477182415
60,6.105469620668944
61,6.28618268635399
62,6.292620977596802
63,6.286446957354387
64,6.266247978920522
65,6.319405802138833
66,6.282737954552571
67,6.187462580309595
68,6.062100150519072
69,6.008449022736965
70,5.9717605608173105
71,5.978378819121822
72,5.904082689037708
73,5.886452453291867
74,5.788995311209479
75,5.917234698673821
76,5.9242714918478
77,6.040409050003042
78,5.883683825252792
79,5.756989102241067
80,5.8484913279651165
81,5.7778038049585945
82,5.570880113035627
83,5.584726413081903
84,5.570494386843741
85,5.499379196356864
86,5.481466228064198
87,5.421670606436084
88,5.548207166185445
89,5.405702305761076
90,5.484345883227458
91,5.414227949383675
92,5.298664694449444
93,5.181840732512427
94,5.1306224992038105
95,5.276074369715617
96,5.122917743062456
97,5.1262303615018165
98,5.013179730439554
99,4.957986618678682
100,4.821109151614302
101,4.906028874871431
102,4.966948305057103
103,4.973869954948858
104,5.047741621235015
105,5.012001122835001
106,4.94566843077808
107,5.017398617920833
108,4.9774298442365055
109,4.920725459823735
110,4.943503272589621
111,4.936953450606237
112,4.708330836733081
113,4.7313735513862225
114,4.676046474409167
115,4.654041390588411
116,4.5726730782049305
117,4.526531418140459
118,4.863123698604266
119,4.833052721944605
120,4.766087484697085
121,4.6622378628886905
122,4.640790226599551
123,4.579566700143945
124,4.62602792806571
125,4.646056860624294
126,4.554347382884833
127,4.586486458949606
128,4.705685473103645
129,4.561145193599636
130,4.537611441205847
131,4.576239251511321
132,4.553981375860776
133,4.593222557829812
134,4.583449684321419
135,4.378250820352244
136,4.560146346814351
137,4.414567816205936
138,4.468655364032347
139,4.5851291748910805
140,4.516389554363085
141,4.486168288004176
142,4.479669776458688
143,4.464975522639891
144,4.426395445241585
145,4.294136610880761
146,4.406574700619109
147,4.177034476112709
148,4.18340295163054
149,4.376515723055047
150,4.296817398549506
151,4.215096478808155
152,4.338704265667567
153,4.292378094627321
154,4.2919010414732455
155,4.458211482694244
156,4.288712001836674
157,4.258548826653764
158,4.227306467888068
159,4.24425864277031
160,4.246390368312194
161,4.263909892983021
162,4.333833363546289
163,3.9955701185123838
164,4.041601460325375
165,4.062854649620462
166,4.035518614065951
167,3.9889433694617575
168,4.02237075993352
169,3.9884425588366454
170,3.930593462787451
171,3.8742011043039413
172,4.028280272344616
173,3.904269723891814
174,3.8776799456690076
175,3.845979797821589
176,3.788915147282677
177,3.7606260249438526
178,3.8301620193010795
179,3.9132678991608336
180,3.8213399446643512
181,3.937269135865556
182,3.9350231065344836
183,3.9898635291361786
184,4.153438989804529
185,3.9500640784583303
186,4.119800540552298
187,4.0103496499452485
188,4.07438923879873
189,3.9398725763361684
190,3.8021055386489113
191,3.814196604611916
192,3.849324231288206
193,3.8037955882493235
194,3.696376068109698
195,3.6489221476927143
196,3.6901189209752268
197,3.6724043998948934
198,3.635325075152528
199,3.6072249581631075
200,3.67250257788867
201,3.56826923495797
202,3.734347382408328
203,3.721855469102635
204,3.6245724946159497
205,3.4703505224131583
206,3.3991575294616054
207,3.4166486722446803
208,3.378681955658035
209,3.445025004373401
210,3.4403216533658862
211,3.5377038686893196
212,3.3985286338533376
213,3.394523953513911
214,3.3740539138478813
215,3.537372915176809
216,3.3248303589063872
217,3.429451653409386
218,3.439894337995337
219,3.5170279755965543
220,3.4722665223027227
221,3.4948712676540796
222,3.416040529749966
223,3.360393318895965
224,3.4199011547938643
225,3.435187681607742
226,3.466271786979396
227,3.470219004116514
228,3.668534556831438
229,3.393487625144051
230,3.261644134645918
231,3.2236837950381716
232,3.2336415514439576
233,3.203042710894506
234,3.1672863638320243
235,3.128206823089435
236,3.1470965887501254
237,3.371406387493477
238,3.251535684257033
239,3.4173793926160605
240,3.175570742379687
241,3.0844469046822525
242,3.0767912517626406
243,3.029395249443586
244,3.0110070018510697
245,3.225314617273906
246,3.2711203356221175
247,3.094147606459828
248,3.0857792217351387
249,3.276218494555567
250,3.0687697119619277
251,3.1800398520407707
252,3.1534840002002142
253,3.3169637186686227
254,3.307018398029543
255,3.2887979252374437
256,3.2966020334951036
257,3.360793613700453
258,3.432068428929636
259,3.3043907953864964
260,3.261652135274323
261,3.4021652528166992
262,3.141937714882384
263,3.253025716425318
264,3.1210892192559907
265,3.1290539484206588
266,3.0581939251416275
267,3.054710480221761
268,2.9605398001193923
269,3.1656992119621425
270,3.1857334086151963
271,3.0106976582626053
272,2.9476160587936096
273,3.146143683863345
274,2.9527483316126943
275,2.8964963210454657
276,3.0761599152892813
277,2.9702299296883825
278,2.9965495502423414
279,2.8266360053488815
280,2.7876447233799238
281,2.761745817682041
282,2.7413754674051978
283,2.715534220910545
284,2.9657285849914765
285,2.784854293928587
286,2.9215156984386565
287,3.0311059359870263
288,2.7447050806145534
289,2.6994070345285843
290,2.813277123729933
291,3.0320365847134507
292,2.7392482589116827
293,2.7158705101366225
294,2.8301509727143017
295,2.6747459743615214
296,2.723617206949263
297,2.894114342584072
298,2.6761131535978433
299,2.8649604817808867
0,3.2775145322390635
1,4.010581255003763
2,4.337397723641297
3,4.663586202358481
4,5.199817372249311
5,5.2940396182704275
6,5.4553745521569805
7,5.65326543342893
8,6.033015128907455
9,5.821442510112488
10,5.88081035590611
11,5.891552744786878
12,5.942671027424235
13,6.127443549079537
14,6.156227928164874
15,6.299650799093103
16,6.494892132178522
17,6.514380606409724
18,6.420702952031877
19,6.361771752801583
20,6.434163567682749
21,6.628793445220665
22,6.611090810474956
23,6.5183592857342045
24,6.6134893784839
25,6.63584821765125
26,6.754739382503203
27,6.761335326810818
28,6.7223733232658756
29,6.636791860986422
30,6.802120426928006
31,6.759842057497654
32,6.752232483190754
33,6.743660116420104
34,6.81843441743906
35,6.962989935153287
36,6.968837926266294
37,6.929134485535036
38,6.757676618098076
39,6.727970961713736
40,6.718184916870908
41,6.5501526508067345
42,6.437873890887428
43,6.38066121823279
44,6.4603360001542685
45,6.362695103964376
46,6.349525858351938
47,6.478923609177494
48,6.584260238542757
49,6.4796088369205025
50,6.403250408181381
51,6.487085041026509
52,6.391603990567403
53,6.317325435144389
54,6.274699723386021
55,6.356838353421038
56,6.11869118395258
57,6.113327785295334
58,6.2931360237500975
59,6.1627817792676005
60,6.150004376105904
61,6.253462152796985
62,6.11516307822337
63,5.989137488581594
64,6.104815322798479
65,6.108583326387462
66,6.09460644347118
67,6.00982928266148
68,5.949458728531875
69,6.11787696448981
70,6.179366236644096
71,6.114689842821434
72,6.131802035431559
73,6.111656746353204
74,6.1346867882934
75,6.150989657124493
76,6.090014831926948
77,6.179991077046884
78,6.078624407909292
79,6.1522551380207755
80,6.130020945870534
81,6.041710578680624
82,5.945619452491275
83,6.015758334005549
84,5.9667660922945105
85,5.93157913716815
86,5.914688634613328
87,5.99595866429098
88,5.7305246561065095
89,5.595128085524221
90,5.6940408114414245
91,5.728442858149367
92,5.734925277133584
93,5.591497598144172
94,5.591175392170018
95,5.590692336172042
96,5.65963860000342
97,5.579047196534725
98,5.639914389872238
99,5.607636291409325
100,5.6668525322849455
101,5.370865000460275
102,5.39074438302306
103,5.254971266432987
104,5.331311257833148
105,5.301794160569049
106,5.269967413555536
107,5.4380814569294165
108,5.315470103049204
109,5.237167112077795
110,5.19836684732584
111,5.095091139846899
112,5.127977631451021
113,5.121089120797458
114,5.15274993339512
115,5.160919530242734
116,5.17858141128807
117,5.207271227884988
118,5.224550923551347
119,5.252606423161592
120,5.326284038224928
121,5.089970499198071
122,5.074897360836404
123,5.056296586434538
124,4.953591620255941
125,4.977115846897814
126,4.910661787965078
127,4.813667146686256
128,4.780115908953432
129,4.750437400497944
130,4.7181963700938
131,4.7836668850007955
132,4.593748947908069
133,4.758272436204464
134,4.573947040809082
135,4.496113631210086
136,4.694678212485259
137,4.562210702636426
138,4.47694347292159
139,4.418758827624848
140,4.358009557884306
141,4.41910689238685
142,4.438943482685401
143,4.383825349307809
144,4.44249514144284
145,4.4453112777880515
146,4.484196609055707
147,4.283420735134546
148,4.300808699358492
149,4.417740301232672
150,4.250387507939911
151,4.18409992348898
152,4.1639439555835525
153,4.228539690613965
154,4.216083396115097
155,4.3710193677612486
156,4.099732009879256
157,4.098728671574962
158,4.213741935240102
159,4.05614855850175
160,4.078579529443372
161,4.061853562183242
162,4.048057081301403
163,4.1205697511194685
164,4.0963698978786836
165,3.998865375604661
166,4.120850324706271
167,4.049448935967593
168,4.028113637429071
169,4.078564091998025
170,4.09918151391655
171,4.105773153706576
172,4.1023579034599935
173,4.185239635711008
174,4.101903353624419
175,4.108270873387755
176,4.1467296471591215
177,4.032340598357778
178,4.0215353699284115
179,4.097072423973763
180,3.950638399027
181,3.750574690987618
182,3.813277728879282
183,3.9047454163989084
184,4.0058618667969
185,3.9077866650600805
186,3.9737709322810737
187,4.032222911448272
188,3.846393221289326
189,3.8495242372382314
190,3.872325901609971
191,3.8122338759099765
192,3.8745125929154107
193,3.747367803843913
194,3.7656794911832328
195,3.8864854109361207
196,3.8189971561456
197,3.7491888955722947
198,3.7344643708852576
199,3.7444284686595934
200,3.675957001219346
201,3.8352649929716143
202,3.8040757255327424
203,3.7939386647181186
204,3.7078466128024057
205,3.789126237519798
206,3.7149540026116377
207,3.753849014560447
208,3.697521334510296
209,3.7385923560744505
210,3.9507610211500985
211,3.7593189474834077
212,3.6951256812358455
213,3.7289299605523105
214,3.827508189523247
215,3.885511759656251
216,3.7387100437307694
217,3.810067272958766
218,3.769069854645251
219,3.827278901629279
220,3.8781891699085875
221,3.6701972922032846
222,3.676533077561896
223,3.6056095368074104
224,3.7194431259211385
225,3.7769784370068265
226,3.8042314586543817
227,3.599460364297309
228,3.555036268112989
229,3.488359933799011
230,3.459366109740575
231,3.5257036618549935
232,3.547721550850048
233,3.5609616837968536
234,3.5730883769492863
235,3.5251102212247574
236,3.689791155205683
237,3.522782899616948
238,3.5729089157241973
239,3.5947780403887966
240,3.5777331790908473
241,3.4245535216660254
242,3.482000710798267
243,3.449640560531551
244,3.338451972780804
245,3.391414281627954
246,3.4964976842275175
247,3.3576172520393808
248,3.473773435580607
249,3.3765867747403613
250,3.2874452296173184
251,3.2973796605730215
252,3.2944150654836712
253,3.5092382388601053
254,3.322925996386014
255,3.2545344635544375
256,3.304826574790272
257,3.256139431125126
258,3.271291791633408
259,3.0446335445879447
260,3.239179142839692
261,3.1768525728773045
262,3.11965297188336
263,3.0512255238251815
264,3.2135152136999543
265,3.1746894556204803
266,3.050547128522007
267,3.0343345395851267
268,3.0749847585512287
269,3.079524816821159
270,3.06300572091319
271,3.1097781714448733
272,3.2657815782437525
273,3.047789536244028
274,3.0972978551299266
275,3.2872243406216013
276,3.185220997979131
277,3.0113942067667105
278,3.1913455619381805
279,3.064154883099954
280,3.2081601414659437
281,3.0679956571449933
282,3.0830003347572004
283,2.9340166872415243
284,3.095127928603824
285,3.1393021450355447
286,2.9995585286388597
287,3.0625782837206854
288,3.138355193623015
289,3.198311382626573
290,3.2624686084519157
291,3.3678068155773877
292,3.257941318594997
293,3.2168130019659844
294,3.1234315547823903
295,3.1784427551133545
296,3.1817181900970466
297,3.0924471127417155
298,3.102728374498957
299,3.1012487577693557
0,3.188921100672179
1,3.7139423638023077
2,4.7888321227591915
3,4.620946032570888
4,5.044937518934337
5,4.740542468425446
6,4.366522714285162
7,4.583424940783868
8,4.586090561764898
9,4.825045388343901
10,5.241927072928818
11,5.474999253808972
12,5.589237112217106
13,5.670157745962775
14,5.710550228816501
15,5.956424579843796
16,6.050599304951586
17,6.080191775565581
18,6.418358242038387
19,6.84457688972381
20,6.873227096260038
21,6.940439513426041
22,6.910361754635073
23,6.868020614333453
24,6.937719782506316
25,6.88861045674142
26,6.848446580672809
27,6.7719252219287895
28,6.953143706645788
29,6.854478288826549
30,6.625166315689648
31,6.561277565692789
32,6.5690652943493255
33,6.387712611468197
34,6.468585204345648
35,6.340004844567368
36,6.379608086860285
37,6.291625589969713
38,6.136988609965861
39,6.33823963797822
40,6.070263561974305
41,6.131643003379872
42,6.141862130225716
43,5.995466400803445
44,5.986357012769445
45,5.950528439632245
46,5.876709332623127
47,5.7594349432778476
48,5.828798687140786
49,5.5857210203061864
50,5.776701835718608
51,5.736693561181814
52,5.6888470570057725
53,5.7177005464426855
54,5.732198047539703
55,5.922992919457567
56,6.034942599968193
57,6.049655211911457
58,5.912715554934254
59,5.852165600415165
60,5.599865382014031
61,5.500353835365682
62,5.534989768212166
63,5.710384614506671
64,5.7439287673717825
65,5.622998697400767
66,5.58637575402339
67,5.601432226414175
68,5.630868039178348
69,5.5069664388599655
70,5.537210702021467
71,5.520662924543132
72,5.377653296730283
73,5.224195072557431
74,5.068196784842708
75,5.2801839223733795
76,5.30458047044448
77,5.042655693098524
78,4.865776553058621
79,5.056853446419565
80,4.895959394537483
81,4.9260266583968235
82,4.808375493840288
83,4.74238901128138
84,4.679007511727019
85,4.711090755519876
86,4.797274026711317
87,4.846352540816849
88,4.888444845993172
89,4.693012870449332
90,4.736373547172211
91,5.012750153086832
92,5.088803868919358
93,5.175732277332746
94,5.064582827225281
95,5.047183481783015
96,4.874840338586171
97,5.052346922840633
98,5.206168400930232
99,5.0332733171846025
100,4.962294677326279
101,4.887579787049041
102,4.912955910132372
103,4.791616758990001
104,4.846272352110343
105,4.76004050945188
106,4.668338972615886
107,4.478274862470185
108,4.56414446508357
109,4.6515925071625945
110,4.658665873234948
111,4.630691076905459
112,4.5161993356261245
113,4.625349210802667
114,4.533121889533415
115,4.444256809611582
116,4.30431380356627
117,4.444564516961157
118,4.223141807102229
119,4.223809726620893
120,4.234219499896343
121,4.261013335522799
122,4.07200991279401
123,3.9044320230209335
124,4.01070069783524
125,3.803017322367074
126,3.680109149056859
127,3.726648044193494
128,3.8847807099719227
129,3.8485024430728587
130,3.7633271180174273
131,3.892051277142057
132,3.9280523142165635
133,3.872481579898385
134,4.087416163718345
135,4.066646512394415
136,4.2083098095647475
137,4.301763890125418
138,4.3409493083518935
139,4.234465762282796
140,4.42675829392926
141,4.228499069356361
142,4.301763862338161
143,4.264611075635572
144,4.392918397799805
145,4.40172329633004
146,4.477239597303806
147,4.117975819444236
148,4.0339293813133965
149,4.005775996734163
150,4.004895019258329
151,4.037726797108221
152,4.022692412476891
153,3.966467663189133
154,4.006975904589712
155,3.9382469580302173
156,3.9050735059509325
157,3.945789580378597
158,3.811808112276528
159,3.725536297850487
160,3.6582250496100768
161,3.6905194273598796
162,3.7340428960729084
163,3.5477110849053775
164,3.4716760686533252
165,3.5761222014355094
166,3.863137619713053
167,3.8206262889050464
168,3.555392751125895
169,3.641315850827575
170,3.567695684208428
171,3.419868208031115
172,3.402318604690224
173,3.4338685941126474
174,3.5207972852392952
175,3.4809396681426485
176,3.509829387152991
177,3.656412604170485
178,3.5988373558293882
179,3.600742324858793
180,3.7994800551167094
181,3.77177679338847
182,3.542777391438808
183,3.4743735412011896
184,3.6094107135410822
185,3.732537037280231
186,3.669562202693305
187,3.5620048110779265
188,3.5613606837623526
189,3.5928940747682456
190,3.6286812965627377
191,3.693999059886527
192,3.725279940443874
193,3.759389238769524
194,3.9158052600200186
195,3.7472125241836136
196,4.022930880637194
197,3.8203736626839233
198,3.7921491296467726
199,3.6854435147047058
200,3.8177441453476546
201,3.695203002114891
202,3.6352015645319242
203,3.5943963756224044
204,3.5893720440684884
205,3.5873776141752978
206,3.489199961635039
207,3.502818611085826
208,3.657808174292369
209,3.6245913421395457
210,3.5883180481943557
211,3.734766173524919
212,3.624428605008785
213,3.496569832551035
214,3.512381155607953
215,3.5868549984673903
216,3.677197724336728
217,3.5937815708912635
218,3.649387386526884
219,3.74456366299318
220,3.596520768525519
221,3.555512116567811
222,3.63162712556499
223,3.515662755305848
224,3.534147239313041
225,3.5107512196789843
226,3.595730610159794
227,3.609795406224018
228,3.616114599127676
229,3.7080639004153
230,3.533275638783339
231,3.3900668168543677
232,3.3985470627706684
233,3.3840542863222027
234,3.448456488028012
235,3.3276028796030945
236,3.275672309382594
237,3.2184676993584893
238,3.210317263188769
239,3.285896365302928
240,3.231454867854637
241,3.566687656768894
242,3.5357171579562836
243,3.4731718290862417
244,3.5331777030343705
245,3.5162250180823302
246,3.5879252853582644
247,3.718946685347322
248,3.639355662753048
249,3.573841041993126
250,3.493438889139084
251,3.62990186806379
252,3.518843772521609
253,3.5875515400214346
254,3.4684210532760904
255,3.492528968561627
256,3.4360191797091537
257,3.457160454881795
258,3.671102271794664
259,3.410470182472421
260,3.405610790086575
261,3.4856219044567363
262,3.5760407702113644
263,3.5783386789663205
264,3.6401892899968713
265,3.5655525390528493
266,3.535229931284249
267,3.6580875952447602
268,3.451597083833499
269,3.2876333353780205
270,3.4624021490269103
271,3.540805228476694
272,3.210180012043595
273,3.1743380854289853
274,3.1861854506941527
275,3.267417048562828
276,3.2277922098731375
277,3.1758699945083637
278,3.261575285895201
279,3.24961213432231
280,3.169053651462687
281,3.2493175288014755
282,3.349285841156939
283,3.3482254790799364
284,3.2972346556957275
285,3.450933632896012
286,3.183814899961434
287,3.1045334054653964
288,3.1936380678029486
289,3.216060873779846
290,3.3627339388295514
291,3.256197518679435
292,3.1017874078552494
293,3.129207659069666
294,3.0634112877745316
295,3.154048627311312
296,3.1251039370896034
297,3.1870000936434577
298,3.175769759456572
299,3.1965251007256947
